Date,AAPL,AMZN,GOOGL,MSFT,TSLA
1/3/2020,-0.009721823,-0.012139035,-0.005231191,-0.012451851,0.029633258
1/6/2020,0.007968035,0.014885574,0.02665385,0.002585075,0.019254637
1/7/2020,-0.004702975,0.00209162,-0.001931629,-0.009117667,0.038800525
1/8/2020,0.01608612,-0.00780864,0.007117852,0.01592815,0.049204826
1/9/2020,0.021240659,0.004799175,0.010497789,0.012492973,-0.021945012
1/10/2020,0.002260785,-0.009410597,0.006458931,-0.004627196,-0.006627298
1/13/2020,0.0213642,0.004322578,0.007746713,0.012024699,0.097688959
1/14/2020,-0.013503151,-0.011558212,-0.006555328,-0.007043211,0.024882822
1/15/2020,-0.004285346,-0.003969127,0.0060185,0.006476316,-0.036102014
1/16/2020,0.012526591,0.008549911,0.00761527,0.018323354,-0.009662478
1/17/2020,0.011070731,-0.007039661,0.020245995,0.005596517,-0.005822894
1/21/2020,-0.006776591,0.014629525,0.001845436,-0.003590462,0.071890306
1/22/2020,0.003569229,-0.002399549,0.001092746,-0.004804726,0.040862644
1/23/2020,0.004815967,-0.001525911,0.000552412,0.006155685,0.004635122
1/24/2020,-0.002881858,-0.012172427,-0.012473702,-0.010077132,-0.012897603
1/27/2020,-0.029405392,-0.017887464,-0.023489789,-0.016722882,-0.012039273
1/28/2020,0.028289382,0.013624366,0.013110043,0.019595504,0.015913383
1/29/2020,0.020932509,0.002563098,0.004274149,0.015593045,0.024854514
1/30/2020,-0.001449209,0.006824489,-0.001681704,0.028207394,0.102962259
1/31/2020,-0.044338869,0.073791356,-0.014763687,-0.014758567,0.01523069
2/3/2020,-0.002746062,-0.002250169,0.034771676,0.02437873,0.198948594
2/4/2020,0.033013338,0.022687342,-0.025084258,0.032916591,0.137256402
2/5/2020,0.0081543,-0.004781237,0.000442683,-0.001221285,-0.171758395
2/6/2020,0.011697026,0.005078733,0.020690807,0.020733608,0.019409317
2/7/2020,-0.013592514,0.014169136,0.002127454,0.001415916,-0.001188324
2/10/2020,0.004749456,0.02627358,0.019977978,0.026157061,0.031026496
2/11/2020,-0.006033222,0.007915026,0.000928197,-0.022575624,0.004019261
2/12/2020,0.023747764,0.00427747,0.005675275,0.001463843,-0.009155658
2/13/2020,-0.007121315,-0.004689817,-0.003450644,-0.005413674,0.047843653
2/14/2020,0.000246677,-0.006977166,0.003528467,0.008927029,-0.004937756
2/18/2020,-0.018310911,0.009742991,0.000467606,0.010142886,0.072959713
2/19/2020,0.014482741,0.00674965,0.003573651,0.002999167,0.068755809
2/20/2020,-0.010259075,-0.007888627,-0.005167549,-0.015271183,-0.019631105
2/21/2020,-0.022634905,-0.026533823,-0.022103088,-0.031612497,0.001767809
2/24/2020,-0.047500135,-0.04135555,-0.042872615,-0.043115536,-0.074594903
2/25/2020,-0.033872372,-0.018190499,-0.023622054,-0.016501965,-0.04063374
2/26/2020,0.015863795,0.003472315,0.002993593,0.01249494,-0.026390471
2/27/2020,-0.065368124,-0.048136265,-0.054312806,-0.070458809,-0.12814584
2/28/2020,-0.000585282,-0.000291847,0.018479787,0.02421258,-0.016215048
3/2/2020,0.093101105,0.037266114,0.03514674,0.066539086,0.113220343
3/3/2020,-0.031759517,-0.023009811,-0.035056718,-0.047919489,0.00254161
3/4/2020,0.046384776,0.035013229,0.032801883,0.036715234,0.005352017
3/5/2020,-0.032436838,-0.026216794,-0.048378706,-0.025095356,-0.03330223
3/6/2020,-0.013280523,-0.011922924,-0.014466321,-0.028267425,-0.029066705
3/9/2020,-0.079092021,-0.052853832,-0.061702268,-0.067772176,-0.135725257
3/10/2020,0.072021949,0.050655067,0.048840631,0.068383928,0.061398024
3/11/2020,-0.034730866,-0.037508896,-0.050401218,-0.045301917,-0.017200453
3/12/2020,-0.098754439,-0.079220825,-0.082046425,-0.0948383,-0.116172423
3/13/2020,0.119807849,0.064648337,0.092411639,0.142168907,-0.024850554
3/16/2020,-0.128646581,-0.053697517,-0.116341519,-0.147390413,-0.185778065
3/17/2020,0.043969945,0.070266132,0.041994402,0.082336573,-0.033410464
3/18/2020,-0.024479981,0.012257741,-0.024032666,-0.042095867,-0.160344041
3/19/2020,-0.007662117,0.027830614,0.018768427,0.016452689,0.183876842
3/20/2020,-0.063485464,-0.018522799,-0.039094305,-0.037558633,-0.000257174
3/23/2020,-0.021244135,0.030735292,-0.013180887,-0.009974434,0.015811747
3/24/2020,0.100325343,0.019586561,0.071983411,0.090895592,0.162817493
3/25/2020,-0.005508911,-0.027967605,-0.025123665,-0.009572456,0.067821765
3/26/2020,0.052623206,0.036933125,0.055645246,0.062551066,-0.020565621
3/27/2020,-0.041402231,-0.028325389,-0.045282489,-0.041060763,-0.026128394
3/30/2020,0.02853783,0.033603547,0.032469856,0.070340574,-0.023777149
3/31/2020,-0.002040661,-0.007245623,0.013643766,-0.015727215,0.043554462
4/1/2020,-0.052617045,-0.021551791,-0.051508146,-0.035508485,-0.080992391
4/2/2020,0.016686665,0.005834205,0.013546908,0.020708784,-0.056254665
4/3/2020,-0.014371674,-0.006378882,-0.021781033,-0.009210367,0.056197347
4/6/2020,0.087237632,0.047729225,0.082813211,0.074367995,0.075477575
4/7/2020,-0.011582277,0.007013456,-0.000532534,-0.010770401,0.056582237
4/8/2020,0.025594585,0.015609462,0.020667089,0.010031386,0.006214994
4/9/2020,0.007216484,-0.000117484,-0.000356326,6.04E-05,0.044020157
4/13/2020,0.019627443,0.061735066,0.003182635,0.002240461,0.136038393
4/14/2020,0.050503031,0.05276945,0.045290459,0.04948354,0.090544573
4/15/2020,-0.009127393,0.010668696,-0.00626757,-0.010477963,0.028088878
4/16/2020,0.007945929,0.043554542,0.000103215,0.030020863,0.021073402
4/17/2020,-0.01356879,-0.013782136,0.017154175,0.008811405,0.011647724
4/20/2020,-0.020756696,0.007835758,-0.013956235,-0.019820483,-0.009988248
4/21/2020,-0.03091016,-0.027360331,-0.038845491,-0.041357585,-0.07990778
4/22/2020,0.028803143,0.015192527,0.038154979,0.033965397,0.066096828
4/23/2020,-0.003875143,0.015214823,0.010139664,-0.012102491,-0.036169463
4/24/2020,0.028869584,0.004488511,0.004271736,0.018259233,0.027663245
4/27/2020,0.00070678,-0.014197862,-0.004496282,-0.002864827,0.101496222
4/28/2020,-0.016209331,-0.026060611,-0.030113424,-0.024360449,-0.037095477
4/29/2020,0.032844902,0.025336165,0.088910317,0.044873447,0.040812877
4/30/2020,0.021096138,0.042689574,0.003367604,0.010032446,-0.023272675
5/1/2020,-0.016099609,-0.075974092,-0.021816243,-0.025891562,-0.103033713
5/4/2020,0.014149275,0.013101236,0.004235718,0.02445995,0.085367588
5/5/2020,0.015008789,0.000781522,0.019744756,0.010736042,0.009222448
5/6/2020,0.01031713,0.014436139,-0.002661241,0.009847179,0.018705826
5/7/2020,0.010344952,0.006953695,0.017726548,0.0058071,-0.003245695
5/8/2020,0.02380191,0.005068389,0.0109988,0.005882324,0.050484563
5/11/2020,0.01573555,0.012350744,0.013905244,0.011154486,-0.009921649
5/12/2020,-0.0114287,-0.021606421,-0.020240675,-0.022651854,-0.00231727
5/13/2020,-0.012074215,0.004654321,-0.019524853,-0.015122591,-0.022794373
5/14/2020,0.006143339,0.008838926,0.00632612,0.004339593,0.015639193
5/15/2020,-0.005911826,0.008761548,0.011939555,0.014567983,-0.005178426
5/18/2020,0.023561158,0.006838841,0.008826828,0.009554498,0.018093786
5/19/2020,-0.005778497,0.009508427,-0.007782195,-0.006922292,-0.006907343
5/20/2020,0.019448293,0.019846275,0.025291058,0.013870757,0.009343957
5/21/2020,-0.007455678,-0.02049693,-0.00171027,-0.012011203,0.014762845
5/22/2020,0.006438529,-0.004029821,0.004613447,0.000436123,-0.012953078
5/26/2020,-0.006773375,-0.006163614,0.005752845,-0.010571341,0.002436044
5/27/2020,0.004356779,-0.004736042,-0.000766988,0.001321597,0.001660845
5/28/2020,0.000440213,-0.003854152,-0.001436472,-0.002255027,-0.017580382
5/29/2020,-0.000974137,0.017187951,0.010774119,0.010198283,0.036224403
6/1/2020,0.012298073,0.011738616,0.000941648,-0.002291679,0.075568831
6/2/2020,0.004629327,0.000554396,0.005185128,0.01137642,-0.018416629
6/3/2020,0.005505246,0.002422733,-0.002121743,0.002433711,0.001588044
6/4/2020,-0.00861219,-0.007182048,-0.017335316,-0.013163611,-0.021042854
6/5/2020,0.028480793,0.009103493,0.018185689,0.02339836,0.024618806
6/8/2020,0.005912709,0.016536459,0.005569364,0.006196435,0.072556068
6/9/2020,0.031577999,0.030427139,0.002789818,0.007644841,-0.009737634
6/10/2020,0.025727426,0.017913293,0.008690933,0.037091571,0.089702057
6/11/2020,-0.048010541,-0.0338023,-0.042875434,-0.053698309,-0.050934105
6/12/2020,0.008633639,-0.005058743,0.007860907,0.007891865,-0.038608633
6/15/2020,0.012366884,0.010868309,0.005534631,0.006391669,0.059468763
6/16/2020,0.02650259,0.016554731,0.018110183,0.024505348,-0.008850491
6/17/2020,-0.001391953,0.009830663,0.004196182,0.003461054,0.009835722
6/18/2020,0.000398293,0.004922485,-0.01268105,0.010708648,0.012270734
6/19/2020,-0.005714628,0.007923936,-0.006610342,-0.005959579,-0.003047852
6/22/2020,0.026164102,0.014508287,0.018264173,0.027773386,-0.006574093
6/23/2020,0.021344692,0.018641698,0.0091822,0.006680763,0.00750256
6/24/2020,-0.017652278,-0.010855868,-0.021366389,-0.020157364,-0.040857298
6/25/2020,0.013275717,0.007380066,0.005863057,0.012636462,0.026154012
6/26/2020,-0.030725783,-0.022402763,-0.054513965,-0.020016044,-0.026613159
6/29/2020,0.023046738,-0.004638148,0.025415789,0.010747063,0.051691108
6/30/2020,0.008347309,0.029264486,0.014944333,0.025549439,0.069807315
7/1/2020,-0.001891126,0.043453386,0.016889382,0.005847577,0.036876807
7/2/2020,0,0.004029609,0.019368976,0.007620729,0.079517341
7/6/2020,0.026750184,0.057689552,0.020218819,0.021526193,0.134793937
7/7/2020,-0.003103092,-0.018619372,-0.006488301,-0.011627845,0.013327689
7/8/2020,0.023289953,0.026995584,0.009181666,0.021992937,-0.0172535
7/9/2020,0.004300696,0.032949191,0.010016047,0.007000785,0.020792456
7/10/2020,0.001748923,0.005457749,0.013399816,-0.003032833,0.107847765
7/13/2020,-0.00461311,-0.030000019,-0.017400524,-0.030888705,-0.030809585
7/14/2020,0.01654851,-0.006443299,0.005706503,0.00618134,0.013185863
7/15/2020,0.00687746,-0.024361221,-0.002616888,-0.001487866,0.019257581
7/16/2020,-0.01230494,-0.002981196,-0.001292049,-0.019803884,-0.029346504
7/17/2020,-0.002020191,-0.012643753,0.001273917,-0.00509992,0.000133305
7/20/2020,0.021073796,0.0792952,0.030978747,0.042981012,0.094720288
7/21/2020,-0.013801712,-0.0183149,-0.005064551,-0.013468778,-0.045429074
7/22/2020,0.002809264,-0.01222963,0.005739576,0.014371074,0.015283477
7/23/2020,-0.045516385,-0.036568799,-0.03073785,-0.043494641,-0.049776153
7/24/2020,-0.002477278,0.007486874,-0.005630464,-0.006122105,-0.063493394
7/27/2020,0.023700199,0.015387649,0.014069615,0.012667622,0.086520806
7/28/2020,-0.016427372,-0.017962781,-0.016855866,-0.008977077,-0.040991123
7/29/2020,0.019168359,0.011065474,0.0132078,0.010097693,0.015320072
7/30/2020,0.012100069,0.00604903,0.009753772,-0.000783908,-0.007751257
7/31/2020,0.104688576,0.036960822,-0.032774963,0.005443816,-0.038138048
8/3/2020,0.025197474,-0.016680966,-0.003487982,0.056241233,0.037909893
8/4/2020,0.006678336,0.008657119,-0.006379906,-0.015008774,0.001346781
8/5/2020,0.003624658,0.021090646,0.003929922,-0.001640939,-0.001331501
8/6/2020,0.034889262,0.00623086,0.017483529,0.016013883,0.003070674
8/7/2020,-0.022735743,-0.017841854,-0.004372218,-0.017887726,-0.024751945
8/10/2020,0.014534574,-0.006093187,-0.001034272,-0.019907762,-0.023500915
8/11/2020,-0.029739765,-0.021437993,-0.010876491,-0.023385365,-0.031144061
8/12/2020,0.033234392,0.02647805,0.018033986,0.028567315,0.131236395
8/13/2020,0.017697545,-0.000385832,0.006243112,-0.0023426,0.04260465
8/14/2020,-0.000891125,-0.004112558,-0.007925105,0.000958521,0.018328197
8/17/2020,-0.002610928,0.010924312,0.007716019,0.006605838,0.112030582
8/18/2020,0.008332712,0.04087467,0.026077645,0.005754384,0.028028374
8/19/2020,0.001254749,-0.015701146,-0.007179714,-0.006066924,-0.004536059
8/20/2020,0.022189614,0.011314271,0.02048422,0.023271452,0.065636437
8/21/2020,0.051532499,-0.003836435,-0.000431412,-0.007270113,0.024052927
8/24/2020,0.011960241,0.006923018,0.006080257,0.003145257,-0.017453806
8/25/2020,-0.008203831,0.01180055,0.013058849,0.013009569,0.004537751
8/26/2020,0.013599049,0.028495561,0.023837807,0.021619396,0.064166192
8/27/2020,-0.011954276,-0.012159152,-0.009494373,0.024553612,0.039746079
8/28/2020,-0.001619943,0.00052939,0.006699081,0.010283255,-0.011323299
8/31/2020,0.033912319,0.014451219,-0.006038423,-0.014765665,0.125689055
9/1/2020,0.039832359,0.013955476,0.015679187,0.007715117,-0.046696908
9/2/2020,-0.020718454,0.009239471,0.037647876,0.019272386,-0.058267565
9/3/2020,-0.080060659,-0.046284109,-0.051170729,-0.061946823,-0.090238492
9/4/2020,0.000661795,-0.021787359,-0.0296408,-0.014035971,0.027813247
9/8/2020,-0.067294865,-0.04394436,-0.036434123,-0.054095561,-0.210628243
9/9/2020,0.039886272,0.037706624,0.015509408,0.042583345,0.109233494
9/10/2020,-0.032645694,-0.028605451,-0.013689234,-0.028018217,0.013814583
9/11/2020,-0.01312879,-0.018547317,-0.006742723,-0.006524835,0.003716263
9/14/2020,0.0299998,-0.004251985,-0.004571948,0.00676373,0.125831771
9/15/2020,0.001560562,0.017132004,0.017424014,0.016406157,0.071826851
9/16/2020,-0.029513756,-0.024723344,-0.015001965,-0.017865577,-0.017787298
9/17/2020,-0.015963489,-0.022536668,-0.016566579,-0.010436591,-0.041493125
9/18/2020,-0.031720256,-0.017887909,-0.024175582,-0.012419382,0.044210418
9/21/2020,0.030325767,0.001881613,-0.01443727,0.010729213,0.016374512
9/22/2020,0.015715801,0.05692336,0.020753061,0.024094122,-0.055986947
9/23/2020,-0.041946091,-0.041268892,-0.034545371,-0.032928633,-0.103410907
9/24/2020,0.010268867,0.006643682,0.009557506,0.012961833,0.019534146
9/25/2020,0.037516077,0.024948743,0.011385623,0.022786857,0.050413851
9/28/2020,0.023869011,0.025498116,0.013619826,0.007795027,0.034025594
9/29/2020,-0.007567811,-0.009190127,0.005045716,-0.010408735,-0.005056919
9/30/2020,0.015075675,0.001224146,-0.000286495,0.014812429,0.02371912
10/1/2020,0.00846231,0.023034752,0.015215686,0.010126883,0.044637749
10/2/2020,-0.032280375,-0.029882738,-0.021708542,-0.029511281,-0.073790692
10/5/2020,0.030791275,0.023744043,0.018707201,0.02032097,0.025512532
10/6/2020,-0.02866981,-0.031020289,-0.021452414,-0.021247127,-0.027485394
10/7/2020,0.016967354,0.030881037,0.005596062,0.019037341,0.027344297
10/8/2020,-0.000956001,-0.00160844,0.016646788,0.003574168,0.001457783
10/9/2020,0.017395841,0.030120249,0.018214678,0.024836121,0.018970775
10/12/2020,0.063520657,0.047549907,0.035843578,0.025902456,0.019124395
10/13/2020,-0.026527292,0.000203336,0.001585011,0.006594475,0.009834933
10/14/2020,0.000743199,-0.023208081,-0.002316468,-0.008974406,0.032799718
10/15/2020,-0.003960743,-0.007450143,-0.005097534,-0.005433246,-0.026923907
10/16/2020,-0.014000597,-0.019750481,0.007862524,0,-0.02051768
10/19/2020,-0.025541947,-0.020013957,-0.024079919,-0.024765413,-0.020106014
10/20/2020,0.01319221,0.003055554,0.013810966,0.002007038,-0.020634588
10/21/2020,-0.005446394,-0.009968887,0.022506822,0.000699065,0.001659033
10/22/2020,-0.009583367,-0.002681286,0.013032822,0.000418848,0.007453065
10/23/2020,-0.006133977,0.008814972,0.016381831,0.006235774,-0.012118552
10/26/2020,8.70E-05,0.000823891,-0.029816648,-0.028441953,-0.0008321
10/27/2020,0.013472269,0.024723687,0.009209248,0.015089472,0.01046916
10/28/2020,-0.046312182,-0.03759507,-0.055088724,-0.04956626,-0.043938975
10/29/2020,0.037050469,0.015249236,0.030500666,0.010065063,0.011846701
10/30/2020,-0.056018054,-0.054456455,0.038043953,-0.010990383,-0.055473052
11/2/2020,-0.000826835,-0.010430948,0.005080195,-0.000691632,0.032135827
11/3/2020,0.015353689,0.014621517,0.01313767,0.020263912,0.058400617
11/4/2020,0.040836552,0.063229663,0.060881458,0.048248996,-0.006888485
11/5/2020,0.035493805,0.024941734,0.009536727,0.03188666,0.040643301
11/6/2020,-0.001136199,-0.003199936,-0.001571399,0.001925871,-0.018580656
11/9/2020,-0.019968039,-0.050622554,0.00096013,-0.023824327,-0.020211658
11/10/2020,-0.003008835,-0.034582946,-0.013455044,-0.033792976,-0.025874743
11/11/2020,0.03035246,0.033729593,0.005472791,0.026254789,0.01649772
11/12/2020,-0.002343131,-0.008640935,-0.002523954,-0.00512592,-0.012873746
11/13/2020,0.000419385,0.005957652,0.016892125,0.004966671,-0.007917146
11/16/2020,0.008720576,0.000719045,0.000998743,0.003325577,-0.001003718
11/17/2020,-0.007564651,0.001469221,-0.006972868,-0.012751512,0.082138793
11/18/2020,-0.011391282,-0.009631208,-0.011931976,-0.013183718,0.101967759
11/19/2020,0.005168539,0.003722495,0.010300825,0.006348364,0.025953518
11/20/2020,-0.01095765,-0.005652814,-0.012618268,-0.009556716,-0.019348255
11/23/2020,-0.029742761,-0.000325912,-0.005079451,-0.001330821,0.065848275
11/24/2020,0.011594449,0.006348492,0.021035486,0.017847758,0.064252179
11/25/2020,0.00746696,0.021490891,0.000130395,4.69E-05,0.033526586
11/27/2020,0.004826479,0.003224444,0.012975215,0.006358926,0.020487796
11/30/2020,0.021099597,-0.008543726,-0.018253936,-0.005389451,-0.03100244
12/1/2020,0.030827175,0.016426593,0.023347101,0.009996792,0.030232565
12/2/2020,0.00293368,-0.00513962,0.016492479,-0.003885435,-0.027258999
12/3/2020,-0.001137584,-0.005244192,-0.001715129,-0.005246523,0.043177071
12/4/2020,-0.005612468,-0.007578328,0.001053984,0.0005599,0.00953853
12/7/2020,0.012269773,-0.001448209,-0.003690163,-0.000326413,0.071314133
12/8/2020,0.005091099,0.006108348,-0.00313713,0.008026591,0.012652698
12/9/2020,-0.020903811,-0.02300385,-0.018477972,-0.019490026,-0.069859043
12/10/2020,0.011988984,-0.000873096,-0.005742966,-0.006043308,0.037370958
12/11/2020,-0.006734786,0.004813852,0.004045081,0.013015399,-0.027237767
12/14/2020,-0.005146829,0.013011702,-0.012700258,0.004407786,0.048918853
12/15/2020,0.050090549,0.002581597,0.005033594,-0.000326806,-0.010284032
12/16/2020,-0.000547504,0.023961224,-0.002208913,0.024050723,-0.01654954
12/17/2020,0.006963706,-0.001505747,-0.009492519,0.000638615,0.053197819
12/18/2020,-0.015850993,-0.010639394,-0.008210038,-0.003782831,0.059612779
12/21/2020,0.012395345,0.001414905,0.004831367,0.018298969,-0.064949682
12/22/2020,0.02846456,0.000106035,-0.008267292,0.006065206,-0.014649269
12/23/2020,-0.006976204,-0.006627122,0.004656379,-0.013039469,0.008807772
12/24/2020,0.007712292,-0.003949416,0.003431409,0.007827328,0.024443495
12/28/2020,0.035765896,0.035071133,0.022950309,0.00992165,0.002901307
12/29/2020,-0.013314743,0.011583625,-0.009132023,-0.003600685,0.003465524
12/30/2020,-0.00852696,-0.010882061,-0.012237132,-0.011019353,0.043228866
12/31/2020,-0.00770259,-0.008801371,0.009440061,0.003338038,0.015673981
1/4/2021,-0.024719115,-0.021584741,-0.015125946,-0.021266013,0.034151972
1/5/2021,0.012363567,0.010004358,0.008064255,0.000964627,0.007317369
1/6/2021,-0.033661484,-0.024896614,-0.009867541,-0.025929417,0.028390302
1/7/2021,0.034123247,0.007577128,0.029868616,0.028457101,0.079446564
1/8/2021,0.008631372,0.006495514,0.0132388,0.006092755,0.078402995
1/11/2021,-0.023248986,-0.021519462,-0.023105636,-0.009698372,-0.078214117
1/12/2021,-0.001395556,0.002125797,-0.010738571,-0.011770914,0.047152948
1/13/2021,0.016226789,0.014438407,0.005652043,0.00656027,0.005850951
1/14/2021,-0.015127047,-0.012135545,-0.00934629,-0.015346086,-0.011013523
1/15/2021,-0.01373061,-0.0074246,-0.001906359,-0.001736908,-0.022295854
1/19/2021,0.005427124,0.005318518,0.032906534,0.017822779,0.022259629
1/20/2021,0.032856143,0.045700485,0.053573384,0.036499615,0.006985998
1/21/2021,0.036658235,0.013363422,0.002170172,0.00280817,-0.006420156
1/22/2021,0.016073834,-0.004463313,0.004463553,0.004355969,0.001952643
1/25/2021,0.02768371,0.000537635,0.000908839,0.015844325,0.040347806
1/26/2021,0.001679287,0.009754137,0.007216353,0.012198958,0.002599919
1/27/2021,-0.0076838,-0.028125812,-0.046652152,0.002453511,-0.021436085
1/28/2021,-0.034985048,0.001559119,0.018835159,0.025890774,-0.03324624
1/29/2021,-0.037420737,-0.009704655,-0.013943461,-0.029171585,-0.050153735
2/1/2021,0.016520081,0.042629903,0.035959062,0.033152212,0.058321673
2/2/2021,0.00633654,0.011104215,0.013760729,-0.000584068,0.039270727
2/3/2021,-0.007777849,-0.019961566,0.072825036,0.014571231,-0.020738065
2/4/2021,0.025757203,0.005575845,-0.002549978,-0.004074023,-0.00549912
2/5/2021,-0.003097949,0.006349415,0.017140326,0.000785235,0.00263535
2/8/2021,0.001096839,-0.008713781,-0.002063247,0.00111451,0.013130297
2/9/2021,-0.006573594,-0.005398853,-0.004379987,0.005361781,-0.016168322
2/10/2021,-0.004558178,-0.005573405,0.0053436,-0.003897172,-0.052550944
2/11/2021,-0.001920695,-0.007439274,0.001087903,0.006877404,0.00849879
2/12/2021,0.001776111,0.004775969,0.003006565,0.0020451,0.005494901
2/16/2021,-0.016104096,-0.002672619,0.007479673,-0.005265512,-0.024383661
2/17/2021,-0.017643832,0.012141589,0.00375238,0.004359442,0.002423867
2/18/2021,-0.008636394,0.005920814,-0.006046428,-0.001678878,-0.013493691
2/19/2021,0.00123345,-0.023535056,-0.00807298,-0.011567355,-0.007721834
2/22/2021,-0.029799032,-0.02128061,-0.016540459,-0.026808081,-0.085498459
2/23/2021,-0.001111242,0.00432606,0.002852512,-0.005287738,-0.021917429
2/24/2021,-0.004052096,-0.010946969,0.011499396,0.005487293,0.061788073
2/25/2021,-0.034782543,-0.032400387,-0.032565441,-0.023705135,-0.080590825
2/26/2021,0.002231514,0.011700388,0.002956554,0.014804313,-0.009850152
3/1/2021,0.053851234,0.017203798,0.023616267,0.019622702,0.063552911
3/2/2021,-0.020893675,-0.016404262,-0.002502799,-0.012956662,-0.044527636
3/3/2021,-0.02445637,-0.028931705,-0.025706337,-0.026980886,-0.048423758
3/4/2021,-0.015812045,-0.009128158,0.011196259,-0.003647171,-0.048622182
3/5/2021,0.010738369,0.007687482,0.031043246,0.021479195,-0.037799314
3/8/2021,-0.041673432,-0.016167464,-0.042711966,-0.018178113,-0.058449673
3/9/2021,0.0406496,0.037568374,0.016368617,0.028101672,0.196412076
3/10/2021,-0.009166572,-0.001701017,-0.002043644,-0.005817398,-0.008195069
3/11/2021,0.016502695,0.01829843,0.031603049,0.020265062,0.047211342
3/12/2021,-0.007625508,-0.007740273,-0.02406049,-0.005819709,-0.008390502
3/15/2021,0.024456869,-0.002527944,0.002165894,-0.003987103,0.020483461
3/16/2021,0.012742873,0.00330341,0.014334774,0.01235051,-0.043873772
3/17/2021,-0.00645068,0.014188849,-0.000801401,-0.0028188,0.036830743
3/18/2021,-0.033904987,-0.034358784,-0.02923798,-0.026661993,-0.069320728
3/19/2021,-0.004480322,0.01551191,0.002780233,-0.001603764,0.002618005
3/22/2021,0.028335693,0.011678212,0.001840305,0.024484525,0.02310383
3/23/2021,-0.006888599,0.008560288,0.005239393,0.006737488,-0.011701465
3/24/2021,-0.019993618,-0.016073304,-0.00431077,-0.008923265,-0.048160587
3/25/2021,0.004163559,-0.013219634,-3.44E-05,-0.0132507,0.016056627
3/26/2021,0.005141298,0.001894112,-0.003803117,0.017818797,-0.033854382
3/29/2021,0.001485063,0.007765307,0.010401124,-0.005243554,-0.011992667
3/30/2021,-0.012274315,-0.006645598,0.000332471,-0.014410981,0.039801079
3/31/2021,0.018765508,0.012696006,0.007842845,0.016907626,0.050832206
4/1/2021,0.006958785,0.021628454,0.032610455,0.02790856,-0.009252456
4/5/2021,0.023577089,0.020794046,0.041872934,0.027728366,0.044276591
4/6/2021,0.002462291,-0.00090189,-0.00437143,-0.004858028,0.000824776
4/7/2021,0.01339042,0.017237337,0.013475283,0.008230464,-0.029857428
4/8/2021,0.019233818,0.006071243,0.005091379,0.013405293,0.019121596
4/9/2021,0.020251745,0.022095622,0.008993799,0.010266673,-0.009915156
4/12/2021,-0.013233149,0.002132122,-0.011472328,0.000234566,0.036867412
4/13/2021,0.024306629,0.006098748,0.004370395,0.010081538,0.085956904
4/14/2021,-0.017853126,-0.019705918,-0.005553546,-0.011219278,-0.039471667
4/15/2021,0.018707929,0.01382841,0.01933175,0.015298249,0.009040931
4/16/2021,-0.002528137,0.006022342,-0.001093858,0.004778342,0.001258703
4/19/2021,0.005068388,-0.00806901,0.00307078,-0.007670392,-0.033996585
4/20/2021,-0.012829679,-0.011067567,-0.004694768,-0.001855136,0.006101017
4/21/2021,0.002929626,0.00819567,-0.000289605,0.008982898,0.034951793
4/22/2021,-0.011685094,-0.015758396,-0.011337161,-0.013085877,-0.032830697
4/23/2021,0.018038308,0.00962219,0.021047452,0.015476077,0.013491908
4/26/2021,0.002977997,0.02038978,0.004347973,0.001531792,0.012064715
4/27/2021,-0.002449585,0.002472918,-0.008203599,0.001605629,-0.045326479
4/28/2021,-0.006027266,0.012017787,0.029707893,-0.028285622,-0.014672094
4/29/2021,-0.000748594,0.003703935,0.014293693,-0.008053131,-0.025057552
4/30/2021,-0.015133099,-0.001120636,-0.016407753,-0.001306987,0.04791724
5/3/2021,0.00821515,-0.023340171,-0.004427401,-0.001268845,-0.034590633
5/4/2021,-0.035385429,-0.022034541,-0.01547105,-0.016159596,-0.016498741
5/5/2021,0.001955546,-0.012479433,0.003441817,-0.005327083,-0.003948959
5/6/2021,0.012802545,0.010955402,0.009754732,0.013226671,-0.011029339
5/7/2021,0.005327152,-0.004464058,0.006237885,0.010931745,0.013307461
5/10/2021,-0.025804464,-0.030720526,-0.025587452,-0.020914174,-0.064443731
5/11/2021,-0.007410292,0.010474817,-0.009464493,-0.003843391,-0.018822279
5/12/2021,-0.024938484,-0.022323797,-0.030752323,-0.029362689,-0.044248213
5/13/2021,0.017919888,0.003023544,0.01308484,0.016861899,-0.030853204
5/14/2021,0.019844549,0.019430851,0.022135019,0.021067306,0.031573033
5/17/2021,-0.00925848,0.014735154,0.004626181,-0.011968598,-0.021890983
5/18/2021,-0.011245672,-0.011653059,-0.011555816,-0.008565268,0.001802946
5/19/2021,-0.001281546,-0.000148515,0.003991288,0.002474118,-0.024936384
5/20/2021,0.021012069,0.00491371,0.015606448,0.013820412,0.041387128
5/21/2021,-0.014767157,-0.013732854,-0.005557158,-0.005314737,-0.010054917
5/24/2021,0.013314308,0.013084215,0.02916575,0.02288199,0.044002226
5/25/2021,-0.001573559,0.004332851,0.000775032,0.003748239,-0.002885668
5/26/2021,-0.000394133,0.001874756,0.007380993,-0.000913581,0.023879958
5/27/2021,-0.012376749,-0.010734558,-0.007406542,-0.008668312,0.01892984
5/28/2021,-0.005348216,-0.002179429,-0.002467648,0.001484005,-0.008924523
6/1/2021,-0.002648104,-0.001371415,0.010323032,-0.009131659,-0.002111269
6/2/2021,0.006276106,0.004765963,-0.004447264,-0.000404262,-0.030100952
6/3/2021,-0.012154154,-0.014526941,-0.00970656,-0.006429365,-0.053344764
6/4/2021,0.019022121,0.006027658,0.019590426,0.020674648,0.045754471
6/7/2021,7.94E-05,-0.002560693,0.00364734,0.012042053,0.010149432
6/8/2021,0.006672054,0.020669154,-0.001606952,-0.004885524,-0.002544922
6/9/2021,0.003077144,0.005220349,0.003961111,0.004038451,-0.007968981
6/10/2021,-0.008023283,0.020876846,0.0112917,0.014393199,0.018938502
6/11/2021,0.009832829,-0.000841827,-0.002024507,0.002527126,-0.000377018
6/14/2021,0.024577586,0.011067127,0.007698972,0.007755131,0.012789222
6/15/2021,-0.006437498,-0.0002187,-0.008379143,-0.005887149,-0.029675083
6/16/2021,0.003933729,0.009494184,-0.005328732,-0.003793262,0.009193156
6/17/2021,0.012601217,0.021664644,0.008039932,0.01367629,0.019392615
6/18/2021,-0.010092112,-0.000670658,-0.013409274,-0.005634317,0.010882243
6/21/2021,0.014104186,-0.009446805,0.014165878,0.012334985,-0.003978801
6/22/2021,0.012698112,0.014904661,0.004252517,0.010965934,0.004638984
6/23/2021,-0.002089835,-0.00046219,-0.001663494,-0.000904374,0.052684766
6/24/2021,-0.002169076,-0.015622946,0.003054192,0.005353164,0.035411303
6/25/2021,-0.002248466,-0.013806562,6.94E-05,-0.006261976,-0.011694312
6/28/2021,0.012545881,0.012474089,0.000224416,0.013961551,0.025079266
6/29/2021,0.011500304,0.001234034,-0.002150366,0.00997292,-0.011557682
6/30/2021,0.004621332,-0.002314303,-0.001496622,-0.001842214,-0.00155708
7/1/2021,0.002263039,-0.002090002,0.002907631,0.002584118,-0.002618823
7/2/2021,0.019596747,0.022723749,0.022973601,0.022275345,0.001445637
7/6/2021,0.014718288,0.046927107,0.007444804,3.59E-05,-0.02845781
7/7/2021,0.017955164,0.005669564,0.002250556,0.008175687,-0.022635629
7/8/2021,-0.009199647,0.009422228,-0.0113067,-0.00896655,0.012658037
7/9/2021,0.013054886,-0.003234704,0.003794674,0.001874296,0.006341837
7/12/2021,-0.00420376,-0.000212348,0.011607884,-0.002230517,0.043762819
7/13/2021,0.007889511,-0.011076948,0.002882439,0.013197455,-0.025025527
7/14/2021,0.024100405,0.001174774,0.007032222,0.005445268,-0.022676263
7/15/2021,-0.00449192,-0.013711143,-0.009607152,-0.005238655,-0.004254796
7/16/2021,-0.014076178,-0.015854232,-0.000275645,-0.000996185,-0.009806317
7/19/2021,-0.026914371,-0.00672703,-0.018838964,-0.013321368,0.003104482
7/20/2021,0.025974169,0.006648614,0.013096209,0.008338738,0.022097783
7/21/2021,-0.005131698,0.003361111,0.010613259,0.00744664,-0.00788802
7/22/2021,0.009628903,0.014735636,0.006840395,0.01684421,-0.009202008
7/23/2021,0.011988591,0.005115385,0.035768944,0.012336782,-0.009056425
7/26/2021,0.002894529,0.011808636,0.007668452,-0.002140303,0.02213307
7/27/2021,-0.014900305,-0.019846877,-0.015928627,-0.008683532,-0.019524948
7/28/2021,-0.012195959,0.001083737,0.031796706,-0.001116778,0.003412035
7/29/2021,0.004552403,-0.008373941,-0.002325698,0.000978343,0.046941188
7/30/2021,0.001510591,-0.075648907,-0.007740524,-0.005549896,0.014541929
8/2/2021,-0.002331038,0.001169037,0.000950205,-0.000315957,0.032697929
8/3/2021,0.012644315,0.010433749,0.005750578,0.008075438,9.86E-05
8/4/2021,-0.002781933,-0.00342224,-0.003719804,-0.002124942,0.001662549
8/5/2021,0.000747977,0.006340363,0.008332923,0.01050602,0.005218642
8/6/2021,-0.00476718,-0.009197335,-0.003765167,-0.000207248,-0.021731523
8/9/2021,-0.000341625,-0.000917733,0.008652773,-0.00390377,0.020969779
8/10/2021,-0.003354349,-0.006340817,-0.000774116,-0.006555076,-0.005281893
8/11/2021,0.00178589,-0.008603643,-0.003859411,0.001780491,-0.003056357
8/12/2021,0.020773122,0.00345981,0.006714067,0.009966982,0.020386528
8/13/2021,0.001410484,-0.002884828,0.003888783,0.010489633,-0.007033557
8/16/2021,0.013547881,0.001523947,0.004225591,0.00597575,-0.043225497
8/17/2021,-0.006153898,-0.017287026,-0.011915196,-0.005159485,-0.02981765
8/18/2021,-0.025501047,-0.012566487,-0.008872283,-0.006119276,0.034970157
8/19/2021,0.002323014,-0.004207819,0.001705471,0.020775207,-0.022525688
8/20/2021,0.010156929,0.003827155,0.012894153,0.025575338,0.010082057
8/23/2021,0.01025671,0.020600355,0.019006241,0.000952821,0.038279518
8/24/2021,-0.000600825,0.012220319,0.008711646,-0.006663192,0.003100647
8/25/2021,-0.008421505,-0.001996514,0.005786975,-0.00201581,0.003825046
8/26/2021,-0.005527043,0.005098257,-0.004493576,-0.009668417,-0.014116976
8/27/2021,0.007184582,0.010141757,0.018123965,0.002106098,0.015346012
8/30/2021,0.030417259,0.021476999,0.004072826,0.012912127,0.026674353
8/31/2021,-0.008424822,0.0143852,0.000739928,-0.005632639,0.006580834
9/1/2021,0.004478747,0.002365409,0.003579949,-0.000165651,-0.002215523
9/2/2021,0.007475018,-0.004564479,-0.01328014,-0.002252973,-0.002315788
9/3/2021,0.004230353,0.004311086,0.003157895,-3.28E-05,0.001611133
9/7/2021,0.015489302,0.008982024,0.003763716,-0.003188121,0.026377839
9/8/2021,-0.010083915,0.004619174,-0.004085814,0.000100017,0.00126175
9/9/2021,-0.006704776,-0.011726004,-0.001043819,-0.00985994,0.001313231
9/10/2021,-0.03310168,-0.004308001,-0.018565934,-0.005180962,-0.024627038
9/13/2021,0.003893309,-0.00345329,0.010338797,0.004328779,0.009140662
9/14/2021,-0.00956197,-0.002073981,0.001489173,0.009427799,0.00200535
9/15/2021,0.006143693,0.007475391,0.01322419,0.016778603,0.015231899
9/16/2021,-0.001610661,0.003581905,-0.005674207,0.001312217,0.001534762
9/17/2021,-0.018347878,-0.00737332,-0.019566928,-0.017528292,0.003302533
9/20/2021,-0.021361053,-0.030841744,-0.014776283,-0.018575017,-0.038604843
9/21/2021,0.003428051,-0.003605747,0.002260165,0.001699066,0.012613531
9/22/2021,0.016872439,0.010892348,0.008994158,0.01282231,0.016987181
9/23/2021,0.006718988,0.010635941,0.006647213,0.00328228,0.002260815
9/24/2021,0.000613035,0.002786873,0.007074511,-0.000701354,0.02753306
9/27/2021,-0.010550088,-0.005756835,-0.008037276,-0.01730368,0.021914063
9/28/2021,-0.023801173,-0.026378468,-0.03715826,-0.036203858,-0.017438356
9/29/2021,0.006482859,-0.004475352,-0.010870237,0.001693072,0.004822779
9/30/2021,-0.009311784,-0.004871079,-0.005042704,-0.007323539,-0.007461809
10/1/2021,0.008127276,-0.000541878,0.02144732,0.02546763,-0.000335289
10/4/2021,-0.024605314,-0.028471678,-0.021117778,-0.020719264,0.008139621
10/5/2021,0.014158071,0.009787538,0.017682804,0.019956997,-0.00120285
10/6/2021,0.006306911,0.012732017,0.011336531,0.015064338,0.002767142
10/7/2021,0.009084792,0.012391203,0.012067135,0.005936352,0.01387426
10/8/2021,-0.002721749,-0.004181805,0.004025766,0,-0.010231835
10/11/2021,-0.000629785,-0.012868603,-0.006234613,-0.002102765,0.008211529
10/12/2021,-0.009103245,0.000317275,-0.017745011,-0.004588214,0.017400267
10/13/2021,-0.004239697,0.011378601,0.008303625,0.011711178,0.006652379
10/14/2021,0.020225498,0.004743759,0.025940931,0.021734095,0.008926471
10/15/2021,0.007512644,0.033080239,0.00153728,0.004822393,0.030196
10/18/2021,0.011806179,0.011064773,0.009974047,0.010124749,0.032122245
10/19/2021,0.015080011,-0.000751442,0.003214841,0.003058871,-0.006711861
10/20/2021,0.003361329,-0.008446196,-0.010248832,-0.002660336,0.001770314
10/21/2021,0.001473946,0.005841757,0.000825302,0.010897304,0.032571011
10/22/2021,-0.005285255,-0.028954833,-0.030443426,-0.005148642,0.017539108
10/25/2021,-0.000336186,-0.00455099,-0.000868631,-0.003331398,0.126615984
10/26/2021,0.004574972,0.016775262,0.013543262,0.006425647,-0.00627405
10/27/2021,-0.003147611,0.004863638,0.049594898,0.042114219,0.019078439
10/28/2021,0.024991295,0.015941153,-0.002520108,0.003651483,0.037750749
10/29/2021,-0.018155429,-0.021511245,0.015063595,0.022413961,0.034316294
11/1/2021,-0.005607244,-0.0161071,-0.030727196,-0.006785111,0.084910228
11/2/2021,0.007115672,-0.00161541,0.013488288,0.011415835,-0.030274995
11/3/2021,0.009798912,0.021507811,0.008014018,0.002611695,0.035716738
11/4/2021,-0.003498469,0.027482324,0.011388342,0.007305207,0.013222298
11/5/2021,0.003581922,0.012076429,0.003942117,-0.001129398,-0.00635817
11/8/2021,-0.005552439,-0.008527949,0.001202456,0.002767506,-0.04840071
11/9/2021,0.002459463,0.025007238,-0.000754633,-0.003086162,-0.119903033
11/10/2021,-0.019163276,-0.026334994,-0.020313294,-0.015329822,0.043429452
11/11/2021,-0.000337971,-0.002742599,-0.000870514,0.004927685,-0.004157529
11/12/2021,0.014337082,0.015162029,0.019973624,0.012904769,-0.028293102
11/15/2021,6.64E-05,0.005823804,-0.001519989,-0.001930269,-0.019382244
11/16/2021,0.006666724,-0.001404486,-0.003879908,0.010235707,0.040793768
11/17/2021,0.016490239,0.002344131,0.001156292,0.000678993,0.032501208
11/18/2021,0.028535955,0.041437007,0.012100853,0.006340018,0.00676761
11/19/2021,0.0169759,-0.005273114,-0.006086565,0.005391463,0.037103918
11/22/2021,0.00292755,-0.028287301,-0.017622653,-0.009559611,0.017422122
11/23/2021,0.002422206,0.002090958,-0.003554253,-0.0063264,-0.041352933
11/24/2021,0.003283407,0.000103315,0.002318362,0.000680864,0.006284772
11/26/2021,-0.031678485,-0.021184702,-0.026943587,-0.024355582,-0.030537595
11/29/2021,0.021873604,0.016267433,0.023543556,0.021081027,0.050900228
11/30/2021,0.031577729,-0.015302274,-0.024963568,-0.017942484,0.006833823
12/1/2021,-0.003206423,-0.018063487,-0.00596216,-0.001542877,-0.043467635
12/2/2021,-0.006129686,-0.001846889,0.013573145,-0.001787369,-0.009497739
12/3/2021,-0.011724423,-0.013839076,-0.006746538,-0.01966662,-0.064198761
12/6/2021,0.021502863,0.011086219,0.008123143,0.009844826,-0.005872086
12/7/2021,0.03544625,0.027986504,0.028741628,0.02676345,0.042358371
12/8/2021,0.022783047,-3.69E-05,0.006226587,0.000149225,0.016363196
12/9/2021,-0.002970043,-0.011279644,-0.003697904,-0.005582614,-0.060956446
12/10/2021,0.028013019,-0.011247565,0.00245865,0.028339864,0.013179927
12/13/2021,-0.020674089,-0.015356076,-0.014695759,-0.009166688,-0.04977243
12/14/2021,-0.008023169,-0.002807129,-0.013162989,-0.032586906,-0.008174578
12/15/2021,0.028509025,0.024977573,0.017608817,0.019217716,0.018236618
12/16/2021,-0.039263776,-0.025641175,-0.01363021,-0.029134527,-0.050277133
12/17/2021,-0.006501801,0.006789204,-0.018830835,-0.003385957,0.006095449
12/20/2021,-0.00812192,-0.017283556,-0.000832614,-0.012013537,-0.034989271
12/21/2021,0.019086761,0.01997865,0.013173868,0.023068924,0.042880563
12/22/2021,0.015318892,0.003638106,0.020509272,0.018057254,0.074947055
12/23/2021,0.00364383,0.000184136,0.003425207,0.004471979,0.057618863
12/27/2021,0.022974964,-0.008178023,0.006738333,0.023185408,0.025248391
12/28/2021,-0.005767409,0.005843719,-0.008245073,-0.003504137,-0.005000275
12/29/2021,0.00050201,-0.008554922,-0.000218051,0.002051422,-0.00209471
12/30/2021,-0.006578148,-0.003289007,-0.003099011,-0.00769116,-0.014592268
12/31/2021,-0.003535217,-0.0114294,-0.009223859,-0.008841057,-0.012668841
1/3/2022,0.025004064,0.022118321,0.000963123,-0.004668484,0.135316684
1/4/2022,-0.012691607,-0.016915587,-0.004082862,-0.017146881,-0.041832697
1/5/2022,-0.026599993,-0.018893092,-0.045876251,-0.03838781,-0.053471214
1/6/2022,-0.016693347,-0.006710982,-0.000199549,-0.007902,-0.021523374
1/7/2022,0.000988462,-0.004287778,-0.005303336,0.000509712,-0.035446567
1/10/2022,0.000116111,-0.006570176,0.012060605,0.000732218,0.030341953
1/11/2022,0.016783866,0.024002126,0.007690926,0.002259524,0.005935025
1/12/2022,0.002570231,-0.00093733,0.01212639,0.010444765,0.039289749
1/13/2022,-0.019028142,-0.024169655,-0.020105278,-0.042322564,-0.067491073
1/14/2022,0.005110732,0.005731487,0.00644739,0.017716829,0.017497759
1/18/2022,-0.01889415,-0.019862739,-0.024967726,-0.0243392,-0.018197241
1/19/2022,-0.021024722,-0.016477102,-0.006481664,0.002246943,-0.033827897
1/20/2022,-0.010347141,-0.02963231,-0.013388582,-0.005703562,0.000622704
1/21/2022,-0.012765101,-0.059501809,-0.02217402,-0.01846818,-0.052566067
1/24/2022,-0.004864207,0.013326983,0.003471152,0.001148382,-0.01472613
1/25/2022,-0.011384807,-0.031533746,-0.02957863,-0.02658824,-0.012473125
1/26/2022,-0.000563211,-0.007954331,0.01810379,0.028493319,0.020699053
1/27/2022,-0.002943511,0.005508646,-0.001764288,0.010549124,-0.115541756
1/28/2022,0.069778053,0.031084057,0.03368877,0.028081371,0.020805693
1/31/2022,0.026125747,0.03886361,0.014641794,0.008823898,0.106776114
2/1/2022,-0.00097274,0.010830763,0.017297958,-0.007138875,-0.005839527
2/2/2022,0.00704416,-0.003842716,0.075237641,0.015222107,-0.027479192
2/3/2022,-0.016719783,-0.078127633,-0.033175777,-0.038952272,-0.016032495
2/4/2022,-0.001679115,0.135359017,0.001418822,0.015568531,0.03611111
2/7/2022,-0.004234661,0.001877735,-0.02855687,-0.016310342,-0.017307186
2/8/2022,0.018466793,0.022021628,0.00142232,0.011995228,0.016157191
2/9/2022,0.008293576,-0.001387734,0.015731895,0.021834765,0.01084592
2/10/2022,-0.023598697,-0.013561706,-0.020989844,-0.028373097,-0.029452771
2/11/2022,-0.020218467,-0.035911107,-0.031290774,-0.024274167,-0.04925103
2/14/2022,0.00142318,0.012221683,0.009260445,-0.000135645,0.018325664
2/15/2022,0.023152475,0.008658352,0.00798749,0.018542318,0.053290764
2/16/2022,-0.001388998,0.01015904,0.008268138,-0.001166973,0.001040753
2/17/2022,-0.021269112,-0.021808901,-0.037745609,-0.029282356,-0.050942699
2/18/2022,-0.009355881,-0.013261958,-0.01611608,-0.009630595,-0.022103035
2/22/2022,-0.017812105,-0.015753495,-0.004520391,-0.000729368,-0.041366242
2/23/2022,-0.025864219,-0.035756247,-0.017144025,-0.025893086,-0.069979176
2/24/2022,0.016680221,0.045095224,0.03999577,0.051093219,0.048073455
2/25/2022,0.012965413,0.01605793,0.013328267,0.009233153,0.011364031
2/28/2022,0.001637757,-0.001466263,0.004443514,0.004978026,0.074777469
3/1/2022,-0.011627867,-0.01576555,-0.00737093,-0.012851623,-0.006962143
3/2/2022,0.020588188,0.006024184,0.00380441,0.017765445,0.017955297
3/3/2022,-0.001981204,-0.027319556,-0.004993606,-0.014224266,-0.046142104
3/4/2022,-0.018408309,-0.015263793,-0.014884574,-0.020478538,-0.00119152
3/7/2022,-0.023717675,-0.056220454,-0.041908329,-0.037776789,-0.040212805
3/8/2022,-0.011675913,-0.010465447,0.005744695,-0.0109713,0.024633942
3/9/2022,0.034997312,0.0240012,0.049687541,0.045858384,0.041933575
3/10/2022,-0.02718612,0.054125156,-0.007424005,-0.010086765,-0.024063755
3/11/2022,-0.023908823,-0.008806847,-0.019323617,-0.019328156,-0.051234586
3/14/2022,-0.026562316,-0.025229488,-0.03017992,-0.012961241,-0.036436802
3/15/2022,0.029677348,0.03886773,0.025779919,0.038742708,0.046348356
3/16/2022,0.029015491,0.038933564,0.031598718,0.025213134,0.04781204
3/17/2022,0.00645399,0.027007749,0.004190431,0.002819374,0.03733501
3/18/2022,0.020918989,0.025512151,0.01708399,0.017647792,0.038767794
3/21/2022,0.008537567,0.001494552,-0.000176424,-0.004227098,0.017417964
3/22/2022,0.020800639,0.0210383,0.027674208,0.016379202,0.079052438
3/23/2022,0.008233667,-0.008981816,-0.011385783,-0.015030107,0.005161136
3/24/2022,0.02267786,0.001477901,0.023840145,0.015392917,0.014823128
3/25/2022,0.003733928,0.006868294,0.000713431,-0.001381273,-0.003234938
3/28/2022,0.005036736,0.025592679,-0.0015352,0.023116678,0.080345078
3/29/2022,0.019134531,0.001920278,0.007422859,0.015159304,0.007079858
3/30/2022,-0.00664968,-0.017801184,-0.003978868,-0.004914099,-0.005074754
3/31/2022,-0.017775843,-0.019864567,-0.020227015,-0.017683517,-0.014981813
4/1/2022,-0.001718084,0.003450973,0.007787398,0.003600596,0.006486599
4/4/2022,0.023693593,0.029264485,0.020128412,0.017936453,0.056113413
4/5/2022,-0.018942052,-0.025492089,-0.01665,-0.01298499,-0.047308972
4/6/2022,-0.018450725,-0.03230012,-0.028757163,-0.03660584,-0.041694894
4/7/2022,0.001803886,-0.006119432,-0.00482995,0.006243522,0.010996816
4/8/2022,-0.011908744,-0.021066741,-0.019140598,-0.014599741,-0.030049448
4/11/2022,-0.025515864,-0.021613947,-0.033491444,-0.039431391,-0.048328086
4/12/2022,0.011523349,-0.002213364,-0.008608778,-0.011217979,0.011291814
4/13/2022,0.01634273,0.031524457,0.017065365,0.0197122,0.035888356
4/14/2022,-0.029988622,-0.024652684,-0.024358246,-0.027084459,-0.036552319
4/18/2022,-0.001330857,0.007109165,0.007468591,0.002465863,0.019583733
4/19/2022,0.014115319,0.034888831,0.018268808,0.017039437,0.023758093
4/20/2022,-0.001015727,-0.026041045,-0.015145211,0.003715178,-0.049555037
4/21/2022,-0.00484344,-0.037026428,-0.025191279,-0.019380737,0.032316841
4/22/2022,-0.0278213,-0.026608938,-0.041493491,-0.02414444,-0.003697577
4/25/2022,0.006737306,0.011943186,0.028741362,0.024413375,-0.006994645
4/26/2022,-0.037328299,-0.045750773,-0.03594584,-0.037403914,-0.121841219
4/27/2022,-0.001466483,-0.008781047,-0.036708717,0.04810912,0.005807678
4/28/2022,0.045155325,0.046534185,0.036992106,0.022632539,-0.004537703
4/29/2022,-0.036604948,-0.140494378,-0.037233419,-0.041811913,-0.00769222
5/2/2022,0.001966633,0.001758091,0.021676548,0.025043145,0.036956285
5/3/2022,0.009622594,-0.001979904,0.006441685,-0.009456268,0.00698828
5/4/2022,0.041008379,0.013480469,0.04199137,0.029100661,0.047698646
5/5/2022,-0.055716156,-0.075610365,-0.047075578,-0.043554522,-0.083286153
5/6/2022,0.004727219,-0.01404124,-0.00651477,-0.009446514,-0.008737181
5/9/2022,-0.03318944,-0.052133548,-0.027953255,-0.036945704,-0.090729488
5/10/2022,0.016112424,0.000643445,0.016745,0.018595703,0.016427174
5/11/2022,-0.05184159,-0.032032257,-0.006927745,-0.03320962,-0.082545828
5/12/2022,-0.026894023,0.014790405,-0.006676779,-0.019957706,-0.008174387
5/13/2022,0.031916489,0.05727556,0.02841532,0.022596369,0.057129094
5/16/2022,-0.010672428,-0.019853162,-0.013834488,0.001455257,-0.058758562
5/17/2022,0.025422525,0.041133274,0.017720365,0.020344169,0.051410178
5/18/2022,-0.056419366,-0.071561966,-0.039266616,-0.045529704,-0.068013798
5/19/2022,-0.024641381,0.001927853,-0.013543518,-0.003699569,-0.000549463
5/20/2022,0.001747325,0.00253453,-0.013371475,-0.002291257,-0.064165057
5/23/2022,0.040119501,-0.000316051,0.023689739,0.032031755,0.016568714
5/24/2022,-0.019216081,-0.032141104,-0.049494075,-0.003951421,-0.069254647
5/25/2022,0.001139939,0.025696475,-0.001557001,0.011169917,0.048777379
5/26/2022,0.023199441,0.040294992,0.018784397,0.012875447,0.074271389
5/27/2022,0.040756907,0.036632084,0.041969527,0.027604326,0.073333063
5/31/2022,-0.005346122,0.043970104,0.012869986,-0.005013823,-0.001803563
6/1/2022,-0.000873555,0.012266043,0.001142623,0.002022906,-0.02359349
6/2/2022,0.01681106,0.031450343,0.032754857,0.007929022,0.04677398
6/3/2022,-0.038555651,-0.025185068,-0.026198249,-0.016607418,-0.0921936
6/6/2022,0.005227661,0.019942807,0.019901139,-0.004703304,0.016047202
6/7/2022,0.017586078,-0.014344105,0.002816339,0.01395361,0.002546056
6/8/2022,-0.005043255,-0.014796745,0.000379864,-0.007669824,0.012474516
6/9/2022,-0.035955737,-0.04150849,-0.020124863,-0.02078313,-0.008930555
6/10/2022,-0.03862868,-0.055962117,-0.031993521,-0.044563621,-0.031190911
6/13/2022,-0.03828485,-0.054537194,-0.042901515,-0.042412859,-0.07102154
6/14/2022,0.006672515,-0.013118555,0.003035985,0.009205075,0.023887157
6/15/2022,0.020111636,0.052389803,0.028571249,0.02973547,0.054823671
6/16/2022,-0.039651591,-0.037243379,-0.033991096,-0.026970095,-0.085407699
6/17/2022,0.01153317,0.024696098,0.010468441,0.010940039,0.01717498
6/21/2022,0.032760991,0.023159471,0.041071067,0.02459118,0.093544348
6/22/2022,-0.003827432,0.002484327,-0.000506398,-0.002404047,-0.004007806
6/23/2022,0.021573577,0.032033094,0.006767425,0.022636514,-0.004306311
6/24/2022,0.024517405,0.035752371,0.051077205,0.034149553,0.045248893
6/27/2022,0,-0.027820693,-0.018152034,-0.010496527,-0.003201651
6/28/2022,-0.029789615,-0.051404342,-0.033030318,-0.031749062,-0.050043558
6/29/2022,0.013023996,0.014152669,-0.002731805,0.014738032,-0.017937182
6/30/2022,-0.018027743,-0.024880638,-0.024516345,-0.013179166,-0.017579228
7/1/2022,0.016164518,0.031541272,-0.002069478,0.010707326,0.012429132
7/5/2022,0.018930005,0.035962053,0.041618576,0.012597573,0.025535705
7/6/2022,0.009607402,0.007312791,0.011557184,0.012782704,-0.005720802
7/7/2022,0.023999564,0.017493221,0.036754128,0.008226303,0.055279045
7/8/2022,0.00471464,-0.006791033,0.004802901,-0.002756509,0.02543517
7/11/2022,-0.01475779,-0.0328025,-0.030807703,-0.011768859,-0.065480059
7/12/2022,0.00683345,-0.02263981,-0.014315855,-0.040981426,-0.005433612
7/13/2022,-0.002536462,0.010803885,-0.023390364,-0.003745066,0.017033448
7/14/2022,0.020482357,0.002083295,-0.008854711,0.00538145,0.005371861
7/15/2022,0.011450089,0.02639434,0.01277553,0.010390406,0.007357232
7/18/2022,-0.020643268,0.001849397,-0.024580126,-0.009621402,0.001999427
7/19/2022,0.026722118,0.039117413,0.043841118,0.020767043,0.020716718
7/20/2022,0.01350991,0.038575396,0.000790806,0.010557612,0.008023464
7/21/2022,0.015094123,0.015150286,0.003863042,0.009799111,0.097804707
7/22/2022,-0.008110824,-0.017732481,-0.056323291,-0.016916036,0.001975226
7/25/2022,-0.007398247,-0.010455798,-0.003614383,-0.005876373,-0.013994935
7/26/2022,-0.008826269,-0.052253606,-0.023160639,-0.026774454,-0.035663731
7/27/2022,0.034234563,0.053653896,0.076556811,0.066851884,0.061655037
7/28/2022,0.003571946,0.010829111,0.010260095,0.028540678,0.022123522
7/29/2022,0.032792797,0.103614641,0.018385645,0.015664999,0.05784977
8/1/2022,-0.006153516,0.003260485,-0.012551683,-0.00972422,0.000426312
8/2/2022,-0.009287425,-0.009084834,0.002350598,-0.011474271,0.011134401
8/3/2022,0.038248043,0.039952299,0.025623489,0.0278363,0.022655687
8/4/2022,-0.001926318,0.021860686,0.000931328,0.004177335,0.004023023
8/5/2022,-0.001389168,-0.012414983,-0.006091805,-0.002608642,-0.066303007
8/8/2022,-0.002902885,-0.009872155,-0.001447205,-0.009155017,0.007819434
8/9/2022,0.000303388,-0.01133349,-0.005711826,0.007063342,-0.024412626
8/10/2022,0.026194645,0.035260833,0.026322522,0.024300351,0.038905818
8/11/2022,-0.004431748,-0.01436683,-0.007184698,-0.007400772,-0.026249293
8/12/2022,0.021425759,0.020691152,0.023897738,0.017037366,0.046750144
8/15/2022,0.006333403,-0.002577571,0.003287309,0.005343944,0.030963599
8/16/2022,-0.000924005,0.011174788,-0.003112708,-0.002589454,-0.008912076
8/17/2022,0.008784593,-0.018510794,-0.017666281,-0.002636175,-0.008372334
8/18/2022,-0.002291614,0.001407438,0.005186018,-0.003947627,-0.00370622
8/19/2022,-0.015101802,-0.028601597,-0.02463172,-0.013854082,-0.020481853
8/22/2022,-0.023029335,-0.036243903,-0.025339213,-0.029355237,-0.022764022
8/23/2022,-0.002029166,0.003002506,-0.003326325,-0.004716505,0.022558495
8/24/2022,0.001793988,0.001347163,-0.001492954,-0.002351307,0.002170126
8/25/2022,0.014922881,0.026008936,0.026035722,0.0110955,-0.003455684
8/26/2022,-0.037699425,-0.047567008,-0.054093525,-0.038586947,-0.026953122
8/29/2022,-0.013690126,-0.007342308,-0.008337881,-0.010668166,-0.011350582
8/30/2022,-0.015305373,-0.008167021,-0.004386708,-0.008521032,-0.024998227
8/31/2022,-0.010635022,-0.01522566,-0.006609195,-0.005703852,-0.007526204
9/1/2022,0.004706763,0.008282741,0.014045512,-0.004092421,0.005623956
9/2/2022,-0.013611249,-0.002425266,-0.017222567,-0.016666713,-0.025075812
9/6/2022,-0.008214898,-0.010979543,-0.00964306,-0.010973923,0.015580556
9/7/2022,0.009253806,0.026722664,0.024716746,0.019111396,0.033816771
9/8/2022,-0.009617727,0.002625978,-0.009776056,0.001666353,0.019598158
9/9/2022,0.01883943,0.026575233,0.02094486,0.022976883,0.036022895
9/12/2022,0.038508218,0.023861278,0.001897773,0.008281011,0.015816941
9/13/2022,-0.058679618,-0.070575284,-0.058993251,-0.054978334,-0.040371881
9/14/2022,0.009555343,0.013641408,0.006518305,0.000912578,0.035874372
9/15/2022,-0.018929706,-0.017658531,-0.019904622,-0.027119156,0.003767274
9/16/2022,-0.010960228,-0.021777004,-0.001068766,-0.002608167,-0.001316852
9/19/2022,0.025082901,0.009147615,0.002626283,-0.000898804,0.01885611
9/20/2022,0.015665512,-0.019813903,-0.018725114,-0.008465784,-0.001100063
9/21/2022,-0.020267732,-0.029871523,-0.018390388,-0.014435925,-0.025685949
9/22/2022,-0.006375033,-0.010376273,0.008662376,0.008495609,-0.040591729
9/23/2022,-0.015124038,-0.030091202,-0.013980535,-0.012698198,-0.045947572
9/26/2022,0.002260369,0.012040805,-0.005772689,-0.001975532,0.002469848
9/27/2022,0.006566409,-0.006426382,-0.006824788,-0.004379758,0.025107759
9/28/2022,-0.012651854,0.031465767,0.02615386,0.019711451,0.017212112
9/29/2022,-0.049118974,-0.027201076,-0.026286807,-0.014809024,-0.068100505
9/30/2022,-0.030039322,-0.015679469,-0.018168775,-0.019368279,-0.011036097
10/3/2022,0.030752535,0.025486701,0.031259739,0.03366252,-0.086145169
10/4/2022,0.025623343,0.044960297,0.030413568,0.033812472,0.02904294
10/5/2022,0.002053127,-0.00115616,-0.002066079,0.00128565,-0.034597518
10/6/2022,-0.006625791,-0.005374071,-9.86E-05,-0.009670951,-0.011129076
10/7/2022,-0.036718663,-0.047714093,-0.027016417,-0.050853019,-0.063242755
10/10/2022,0.002355486,-0.00776885,-0.008309687,-0.021303035,-0.000493121
10/11/2022,-0.010254891,-0.01284419,-0.006948675,-0.016750206,-0.028973836
10/12/2022,-0.004605015,0.006149206,0.003910343,0.001508477,0.003418039
10/13/2022,0.033612965,-0.003277261,0.015375046,0.037607888,0.020622333
10/14/2022,-0.032239896,-0.050031079,-0.025237236,-0.024248697,-0.07545551
10/17/2022,0.029122689,0.064452753,0.035314934,0.03924566,0.070052199
10/18/2022,0.009409554,0.022585462,0.008002242,0.004083824,0.003829479
10/19/2022,0.000765063,-0.011086292,-0.011312798,-0.008469631,0.008401793
10/20/2022,-0.00326722,0.001564268,0.00341269,-0.001395496,-0.066474486
10/21/2022,0.027059084,0.035314531,0.011603389,0.025280583,0.034542665
10/24/2022,0.014803092,0.004190412,0.013744638,0.021187918,-0.014875967
10/25/2022,0.019337148,0.006509754,0.019118354,0.013791683,0.052875731
10/26/2022,-0.019626796,-0.040961815,-0.091405136,-0.077156225,0.009981122
10/27/2022,-0.030465196,-0.040636386,-0.028547399,-0.019756265,0.002003192
10/28/2022,0.075552426,-0.068042497,0.044133671,0.040220445,0.015238385
10/31/2022,-0.015410438,-0.009380149,-0.01848577,-0.015856129,-0.004288513
11/1/2022,-0.017542808,-0.05515425,-0.042746864,-0.017059429,0.001230615
11/2/2022,-0.037305125,-0.048248767,-0.038686816,-0.035368407,-0.056360334
11/3/2022,-0.042404794,-0.030612241,-0.040703655,-0.026578847,0.001535035
11/4/2022,-0.001947411,0.018812993,0.037756076,0.033325515,-0.036412598
11/7/2022,0.003902086,-0.004946192,0.02206058,0.029269798,-0.050079526
11/8/2022,0.004175071,-0.006075284,0.004633378,0.004388365,-0.029328185
11/9/2022,-0.03318979,-0.042676193,-0.017772936,-0.019050126,-0.071667572
11/10/2022,0.088974712,0.121778476,0.075813202,0.082267963,0.073934372
11/11/2022,0.019268563,0.043050851,0.026293378,0.016997457,0.027527265
11/14/2022,-0.009485603,-0.022819754,-0.007364439,-0.022500073,-0.025616187
11/15/2022,0.011869447,0.004569038,0.028631273,0.001738588,0.018172303
11/16/2022,-0.008331209,-0.018394983,0.004164973,0.001823573,-0.038576279
11/17/2022,0.012971285,-0.02337319,-0.004957098,-0.000206843,-0.020062059
11/18/2022,0.003781854,-0.007485494,-0.009455005,-0.001903306,-0.016269017
11/21/2022,-0.021680178,-0.017845765,-0.018782829,0.003440859,-0.068372313
11/22/2022,0.014661113,0.008003438,0.015167487,0.012311467,0.012152312
11/23/2022,0.005926484,0.009978544,0.014528468,0.010406964,0.078217839
11/25/2022,-0.019593679,-0.007648928,-0.010156287,-0.000363494,-0.001855875
11/28/2022,-0.026264325,0.005780894,-0.014467507,-0.023152549,0.000328107
11/29/2022,-0.021147922,-0.016285246,-0.008953757,-0.005914976,-0.01142574
11/30/2022,0.048593628,0.044579126,0.060930862,0.061623564,0.076701847
12/1/2022,0.00189167,-0.010772746,0,-0.001763678,0
12/2/2022,-0.003371335,-0.014345578,-0.005445957,0.001295768,0.000821796
12/5/2022,-0.007983436,-0.033145599,-0.009558122,-0.018900485,-0.063686768
12/6/2022,-0.025369967,-0.030326361,-0.025130686,-0.02030379,-0.014414852
12/7/2022,-0.013784874,0.002379593,-0.021035183,-0.003059729,-0.032143331
12/8/2022,0.012132843,0.021365582,-0.012955711,0.01239932,-0.003447431
12/9/2022,-0.00343511,-0.01394579,-0.009390686,-0.00800338,0.032345483
12/12/2022,0.016390003,0.016387998,0.005170757,0.028889321,-0.062719886
12/13/2022,0.006782626,0.021424569,0.024863496,0.017464698,-0.040936778
12/14/2022,-0.015535772,-0.009838859,-0.005855932,0.001167741,-0.025784368
12/15/2022,-0.046854259,-0.034177821,-0.044283097,-0.031918378,0.005548438
12/16/2022,-0.014579062,-0.006670394,-0.006603689,-0.017348582,-0.047187179
12/19/2022,-0.015909425,-0.033462354,-0.020163837,-0.017328039,-0.00239633
12/20/2022,-0.000529041,0.003179513,0.00655798,0.005614413,-0.080536415
12/21/2022,0.023809624,0.018546709,0.006290839,0.010876782,-0.001669055
12/22/2022,-0.023772349,-0.034343619,-0.02031707,-0.025528846,-0.088827566
12/23/2022,-0.002798083,0.017424503,0.016750278,0.00226714,-0.017550833
12/27/2022,-0.013878645,-0.025923743,-0.020620993,-0.007414228,-0.114088533
12/28/2022,-0.03068528,-0.014691729,-0.015676793,-0.010254985,0.033088915
12/29/2022,0.028324545,0.028843811,0.028249146,0.027629705,0.080826907
12/30/2022,0.002468822,-0.002138279,-0.002487154,-0.004937469,0.011164018
1/3/2023,-0.037404698,0.021666663,0.010087286,-0.001000856,-0.122422486
1/4/2023,0.010314147,-0.007923565,-0.011669618,-0.043743085,0.051248853
1/5/2023,-0.010604597,-0.023725589,-0.021344368,-0.029637784,-0.029039098
1/6/2023,0.036793857,0.035611152,0.013225038,0.011785344,0.02465109
1/9/2023,0.004089011,0.014869874,0.007785723,0.009736415,0.059349011
1/10/2023,0.004456522,0.028731709,0.004544507,0.007617209,-0.007681374
1/11/2023,0.021112152,0.058083826,0.035059898,0.030237957,0.03676906
1/12/2023,-0.000599281,0.001892947,-0.004261359,0.011621549,0.002759263
1/13/2023,0.010119156,0.029915044,0.010863551,0.003018732,-0.00938812
1/17/2023,0.00875643,-0.021096613,-0.009009988,0.00468181,0.074264737
1/18/2023,-0.005370107,-0.006142675,-0.001862064,-0.018889178,-0.020609983
1/19/2023,0.000443972,-0.018646541,0.021180916,-0.016453955,-0.012501946
1/20/2023,0.019220439,0.038108451,0.053411976,0.035743554,0.049146812
1/23/2023,0.023500704,0.002776315,0.018057563,0.009824364,0.077424689
1/24/2023,0.010063033,-0.012305137,-0.020943988,-0.00222624,0.000973909
1/25/2023,-0.004700645,0.008928578,-0.025383908,-0.005908005,0.00375282
1/26/2023,0.014803275,0.020991983,0.024154638,0.030713545,0.109672592
1/27/2023,0.013684114,0.030437378,0.018970507,0.000645187,0.110001804
1/30/2023,-0.020078035,-0.016529684,-0.024454052,-0.021961536,-0.06318151
1/31/2023,0.009020966,0.025658818,0.019599562,0.021012688,0.039361559
2/1/2023,0.007900769,0.019586971,0.016086752,0.019934686,0.047280928
2/2/2023,0.037062626,0.073799354,0.072786921,0.046883948,0.037814897
2/3/2023,0.024399836,-0.084314976,-0.027473421,-0.023620176,0.009082655
2/6/2023,-0.017928747,-0.011703251,-0.017942323,-0.006115995,0.025160537
2/7/2023,0.019244628,-0.000685063,0.046064175,0.042022312,0.010525791
2/8/2023,-0.017652816,-0.020174298,-0.076830244,-0.003102122,0.02276305
2/9/2023,-0.006911459,-0.018091006,-0.043876388,-0.011659824,0.02995685
2/10/2023,0.002456182,-0.006412839,-0.00463134,-0.001972348,-0.050308738
2/13/2023,0.01880687,0.019772567,0.000423056,0.031242828,-0.011427701
2/14/2023,-0.004224885,0.001607354,0.000740056,0.003132662,0.075061656
2/15/2023,0.013903264,0.014644,0.023869834,-0.007993092,0.023847099
2/16/2023,-0.010429288,-0.029754864,-0.01475135,-0.026622345,-0.056945537
2/17/2023,-0.007546764,-0.009679109,-0.012145471,-0.015601853,0.031033481
2/21/2023,-0.026679824,-0.026954683,-0.027132953,-0.020886545,-0.052517894
2/22/2023,0.002895903,0.012793392,-0.001525249,-0.004590964,0.017682553
2/23/2023,0.003290676,0.000313172,-0.00829232,0.012961722,0.00602413
2/24/2023,-0.018005216,-0.024212061,-0.019364173,-0.021784392,-0.02568418
2/27/2023,0.00824744,0.002780772,0.008302462,0.003771662,0.054601787
2/28/2023,-0.003447803,0.005012812,0.002114205,-0.002958,-0.00924721
3/1/2023,-0.014245847,-0.021861457,0.00333126,-0.01262926,-0.014291976
3/2/2023,0.004128881,-0.000433991,0.01814945,0.01965321,-0.058539282
3/3/2023,0.035090163,0.030066258,0.017934868,0.016646021,0.036092193
3/6/2023,0.018539634,-0.012118035,0.015803572,0.006189014,-0.020122331
3/7/2023,-0.014496691,-0.002133301,-0.013350239,-0.010588948,-0.031474077
3/8/2023,0.008377292,0.003955052,0.004155202,-0.001770673,-0.030419298
3/9/2023,-0.014914603,-0.017781071,-0.02047759,-0.005439469,-0.04989012
3/10/2023,-0.013878715,-0.016476928,-0.018305819,-0.014782929,0.003007196
3/13/2023,0.01326607,0.018736877,0.005296358,0.021440931,0.005996271
3/14/2023,0.014088951,0.026506512,0.031390534,0.027056039,0.050320948
3/15/2023,0.002621602,0.013912307,0.022773159,0.017830408,-0.015333393
3/16/2023,0.018693993,0.039916882,0.043804075,0.040536584,0.020393505
3/17/2023,-0.005454149,-0.010895681,0.012958467,0.01169407,-0.021723782
3/20/2023,0.015483842,-0.01253156,-0.003936231,-0.025766566,0.017320796
3/21/2023,0.011944266,0.02967968,0.036553964,0.005693667,0.078199191
3/22/2023,-0.009103544,-0.018984233,-0.014773071,-0.005442575,-0.03254382
3/23/2023,0.006969609,0.000101339,0.021572947,0.019721695,0.005597737
3/24/2023,0.008305332,-0.005875816,-0.001515107,0.010480453,-0.009416281
3/27/2023,-0.012293173,-0.000917113,-0.028262536,-0.014933925,0.007352523
3/28/2023,-0.003980378,-0.008159966,-0.013956702,-0.004160664,-0.013659325
3/29/2023,0.019790835,0.030954362,0.003563441,0.019183898,0.024789906
3/30/2023,0.009889885,0.017456359,-0.00493162,0.012619849,0.00722093
3/31/2023,0.015644216,0.012647068,0.02814954,0.014962017,0.06237202
4/3/2023,0.007701716,-0.008519675,0.006073499,-0.003711343,-0.061168428
4/4/2023,-0.003249677,0.015037528,0.003449514,-0.000174022,-0.011244044
4/5/2023,-0.011290389,-0.027417014,-0.00238729,-0.009889243,-0.036660076
4/6/2023,0.005496121,0.00949554,0.037809868,0.025532903,-0.002479553
4/10/2023,-0.01597246,0.001077803,-0.01826223,-0.007578877,-0.002972026
4/11/2023,-0.007591076,-0.02202212,-0.010240557,-0.022668346,0.012357048
4/12/2023,-0.004353225,-0.020916697,-0.00673942,0.002333495,-0.033460037
4/13/2023,0.034103613,0.046713683,0.026662827,0.022399363,0.029688716
4/14/2023,-0.002114033,0.001074225,0.013404113,-0.012765686,-0.00484128
4/17/2023,0.00012087,0.002243642,-0.026637276,0.009295991,0.011026991
4/18/2023,0.007505051,-0.004282605,-0.013871964,-0.001488782,-0.014595786
4/19/2023,0.006968114,0.019550342,-0.003062111,0.000277227,-0.020183394
4/20/2023,-0.005846381,-0.004698039,0.010654688,-0.008112189,-0.097458282
4/21/2023,-0.009780773,0.030343913,0.001139658,-0.001223253,0.01282285
4/24/2023,0.001878462,-0.007011967,0.005312615,-0.013962802,-0.015325895
4/25/2023,-0.009435655,-0.03427172,-0.020005672,-0.022536097,-0.011565702
4/26/2023,-6.13E-05,0.023496185,-0.001348123,0.07243479,-0.043069635
4/27/2023,0.028395253,0.046103983,0.037411972,0.032027623,0.041886195
4/28/2023,0.007541105,-0.039792413,-0.002323608,0.007971436,0.025719427
5/1/2023,-0.000530227,-0.032242712,-0.00130422,-0.005532582,-0.015093395
5/2/2023,-0.006191481,0.015482549,-0.017537354,-0.000490852,-0.009392599
5/3/2023,-0.006467111,0.000193036,0.000854555,-0.003307026,0.001871393
5/4/2023,-0.009913662,0.003376734,-0.00683038,0.003317998,0.003673472
5/5/2023,0.046926837,0.015961574,0.008405632,0.017157153,0.054962784
5/8/2023,-0.000403295,0.001608917,0.020839279,-0.006438026,0.010172855
5/9/2023,-0.009970984,0.007464811,-0.00389719,-0.005345922,-0.015367597
5/10/2023,0.010420889,0.033483395,0.040987403,0.017296542,-0.00360627
5/11/2023,0.001094631,0.018059695,0.043132041,-0.007044396,0.021003968
5/12/2023,-0.005417723,-0.017115334,0.008063843,-0.003675981,-0.023826163
5/15/2023,-0.00289713,0.008525257,-0.008509942,0.001585725,-0.009703475
5/16/2023,0,0.019784214,0.025748882,0.007367909,0.001021931
5/17/2023,0.003603051,0.018518505,0.01112879,0.009451556,0.044078766
5/18/2023,0.01366627,0.022943736,0.016468109,0.014394781,0.017427808
5/19/2023,0.000628317,-0.016081265,-0.000569967,-0.000565174,0.018373
5/22/2023,-0.005480711,-0.010666648,0.01865432,0.008921479,0.048462284
5/23/2023,-0.015154972,-0.000173935,-0.01991216,-0.018432116,-0.016413358
5/24/2023,0.001631987,0.015305698,-0.013544264,-0.00447253,-0.015449267
5/25/2023,0.00669228,-0.014989293,0.021339839,0.0384581,0.008583966
5/26/2023,0.01410492,0.044434788,0.009151327,0.021385513,0.047162123
5/30/2023,0.010659404,0.012904863,-0.007543492,-0.005046781,0.041362559
5/31/2023,-0.000281792,-0.008877214,-0.006468825,-0.008514201,0.013770078
6/1/2023,0.016022291,0.018162173,0.006917885,0.012759042,0.017604137
6/2/2023,0.004775566,0.01205509,0.007678648,0.008479317,0.031081326
6/5/2023,-0.007571272,0.008450729,0.010748329,0.00160991,0.017011728
6/6/2023,-0.002060182,0.010454888,0.01031659,-0.006727335,0.017002881
6/7/2023,-0.007756316,-0.042492672,-0.037781715,-0.030867883,0.014730513
6/8/2023,0.015464982,0.024911297,-0.00293883,0.005813474,0.045820871
6/9/2023,0.00215975,-0.006599595,0.000736936,0.004703999,0.040619915
6/12/2023,0.015638967,0.025439515,0.011535593,0.015483914,0.022217709
6/13/2023,-0.002611933,0.0007111,0.001536686,0.00735272,0.035544128
6/14/2023,0.0034915,-0.00189488,-0.001292056,0.009123839,-0.007421371
6/15/2023,0.011198668,0.005458017,0.011482198,0.031896704,-0.003465924
6/16/2023,-0.005859773,-0.012744888,-0.012471007,-0.016575774,0.018132141
6/20/2023,0.000486776,0.002310948,-0.003481063,-0.012502461,0.053389127
6/21/2023,-0.005675539,-0.007552846,-0.020714629,-0.013282166,-0.054618401
6/22/2023,0.016525414,0.042617896,0.021567575,0.01843751,0.019848894
6/23/2023,-0.001711425,-0.006300362,-0.006577343,-0.013806002,-0.030270888
6/26/2023,-0.007552853,-0.015464316,-0.03269575,-0.019162844,-0.060600166
6/27/2023,0.015059047,0.014529104,-8.44E-05,0.018167784,0.03800043
6/28/2023,0.00632781,-0.001083754,0.015634275,0.003825872,0.02409969
6/29/2023,0.001796531,-0.008834407,-0.008986624,-0.002381929,0.004917303
6/30/2023,0.02310249,0.019233769,0.005037813,0.016385451,0.016582482
7/3/2023,-0.007784699,-0.001073944,0.001670811,-0.007488036,0.068953734
7/5/2023,-0.00587126,0.001228718,0.015429493,0.000473314,0.009506124
7/6/2023,0.002508677,-0.015493206,-0.0134701,0.009226828,-0.021028045
7/7/2023,-0.005891237,0.011062622,-0.005245162,-0.011867558,-0.007630056
7/10/2023,-0.010855865,-0.020419183,-0.025359978,-0.015983562,-0.017563705
7/11/2023,-0.002810078,0.012978853,0.005925268,0.001928591,0.000667717
7/12/2023,0.008985602,0.015685699,0.015280884,0.014226942,0.008154422
7/13/2023,0.00405747,0.026758409,0.047170581,0.016192139,0.021728754
7/14/2023,0.000787283,0.002829409,0.007066012,0.007529404,0.01252253
7/17/2023,0.017305469,-0.008315973,-0.006139425,0.001419288,0.031985215
7/18/2023,-0.001340334,-0.005465676,-0.007139879,0.039799874,0.01019351
7/19/2023,0.007071971,0.019046893,-0.013978743,-0.01226734,-0.007090702
7/20/2023,-0.010097441,-0.039893572,-0.023190948,-0.023121625,-0.097370099
7/21/2023,-0.006161773,0.000307735,0.006879129,-0.008937179,-0.010954754
7/24/2023,0.004220111,-0.009230746,0.012581216,0.003898038,0.034766591
7/25/2023,0.004513631,0.002562126,0.005595368,0.01700924,-0.014048907
7/26/2023,0.004544925,-0.007589336,0.057769423,-0.037637759,-0.003505702
7/27/2023,-0.006580934,0.000780383,0.001005666,-0.020872156,-0.032683939
7/28/2023,0.013508034,0.030877245,0.024575063,0.023131506,0.041961579
7/31/2023,0.003165894,0.011118568,0.00105587,-0.007240521,0.003715622
8/1/2023,-0.004275884,-0.014886223,-0.0088156,0.001250152,-0.02378187
8/2/2023,-0.015490074,-0.026425664,-0.024097109,-0.026282978,-0.026659542
8/3/2023,-0.007321539,0.005459768,0.000545147,-0.002564683,0.020502958
8/4/2023,-0.048020129,0.082693378,-0.002646994,0.003428593,-0.021055092
8/7/2023,-0.017253782,0.018986844,0.026695766,0.007108311,-0.009493436
8/8/2023,0.0053118,-0.016031492,-0.000988269,-0.012298887,-0.006959634
8/9/2023,-0.008954216,-0.014934946,-0.013241904,-0.011715967,-0.03007607
8/10/2023,-0.001234751,0.005150464,0.000231141,0.002172464,0.013006292
8/11/2023,0.000337538,-0.001082519,-0.00100229,-0.005945711,-0.010964386
8/14/2023,0.009393077,0.015605835,0.013661641,0.009438944,-0.011910156
8/15/2023,-0.011200316,-0.020630355,-0.011802433,-0.00672764,-0.028361645
8/16/2023,-0.004959003,-0.018885675,-0.008321694,-0.002428418,-0.031593408
8/17/2023,-0.014555179,-0.008069975,0.009479467,-0.010986133,-0.028280163
8/18/2023,0.002816123,-0.005672448,-0.018934785,-0.001262392,-0.017014851
8/21/2023,0.007736856,0.010959251,0.007139386,0.017062854,0.073274829
8/22/2023,0.007904755,-0.003192699,0.005530931,0.001801648,0.008258404
8/23/2023,0.021948978,0.009459995,0.02548807,0.014079442,0.015738231
8/24/2023,-0.026170391,-0.027154721,-0.019566384,-0.021498631,-0.028793411
8/25/2023,0.012643037,0.010770617,0.000770786,0.009407231,0.037167463
8/28/2023,0.008846141,-0.000900459,0.008700263,0.002229294,0.000964043
8/29/2023,0.021810227,0.013294309,0.027173415,0.014550574,0.07687792
8/30/2023,0.01917226,0.001186003,0.009734778,0.001156978,-0.001088727
8/31/2023,0.001172486,0.021766395,0.002134049,-0.003132862,0.004593199
9/1/2023,0.008463367,0.000797048,-0.003745163,0.002746097,-0.050643183
9/5/2023,0.001266722,-0.006154003,0.000810866,0.014878415,0.046855214
9/6/2023,-0.035793296,-0.01391421,-0.009648623,-0.002008503,-0.017817429
9/7/2023,-0.0292496,0.018395431,0.005949606,-0.008922033,-0.001706862
9/8/2023,0.003491809,0.002756544,0.00828039,0.013215575,-0.011889162
9/11/2023,0.006622719,0.035231213,0.003959486,0.010979003,0.100925499
9/12/2023,-0.017060647,-0.013067857,-0.011539688,-0.018257666,-0.022296863
9/13/2023,-0.011854915,0.025632022,0.010122958,0.012930625,0.014281354
9/14/2023,0.008782454,-0.000897514,0.010167358,0.007855992,0.017471511
9/15/2023,-0.00415368,-0.029919858,-0.005068662,-0.025037117,-0.005977372
9/18/2023,0.01691319,-0.002920462,0.00589497,-0.003512669,-0.033200974
9/19/2023,0.006180772,-0.016788048,-0.001230147,-0.00124601,0.004598919
9/20/2023,-0.019992176,-0.017002191,-0.031150309,-0.023976973,-0.014671684
9/21/2023,-0.008889407,-0.044053454,-0.02467463,-0.003865668,-0.026238621
9/22/2023,0.004944422,-0.001623805,-0.001456636,-0.00788653,-0.042315183
9/25/2023,0.00738054,0.016651249,0.006602574,0.001672033,0.008616468
9/26/2023,-0.02339849,-0.040298627,-0.019372705,-0.017005795,-0.011619945
9/27/2023,-0.008897367,0,0.015322077,0.00208229,-0.014828753
9/28/2023,0.001525464,0,0.013559199,0.002717611,0.024449085
9/29/2023,0.003046462,0.00904905,-0.010959199,0.006727265,0.015585665
10/2/2023,0.014835386,0.018407834,0.02529421,0.019160787,0.005515166
10/3/2023,-0.00776972,-0.036613666,-0.012968635,-0.026134118,-0.020151062
10/4/2023,0.007308691,0.018280939,0.021218805,0.017773334,0.059343711
10/5/2023,0.007198146,-0.008188984,-0.001257048,0.001253965,-0.004250329
10/6/2023,0.014750419,0.015878057,0.018582962,0.024736983,0.001845841
10/9/2023,0.008450983,0.002344447,0.006105653,0.007822483,-0.003300907
10/10/2023,-0.003352134,0.009511939,-0.00260094,-0.004335472,0.015211543
10/11/2023,0.007904001,0.018149569,0.01803564,0.012271823,-0.002389822
10/12/2023,0.005061358,0.003792763,-0.011241433,-0.003790266,-0.015665977
10/13/2023,-0.01029274,-0.019194502,-0.011585339,-0.010357522,-0.029937807
10/16/2023,-0.000727126,0.021265197,0.012667568,0.014981664,0.01115006
10/17/2023,-0.008784637,-0.008147882,0.004457197,-0.001743557,0.003662602
10/18/2023,-0.007394719,-0.025405007,-0.012596526,-0.005872406,-0.047753632
10/19/2023,-0.002161126,0.002107149,-0.001522432,0.003665361,-0.093003102
10/20/2023,-0.014704273,-0.025155731,-0.015607943,-0.014034729,-0.036890623
10/23/2023,0.000694103,0.011104893,0.006637179,0.008112184,0.000424531
10/24/2023,0.002543459,0.015802782,0.016923281,0.003674249,0.020935507
10/25/2023,-0.013491626,-0.055771611,-0.095094166,0.030678089,-0.018935923
10/26/2023,-0.024605628,-0.014992995,-0.026510633,-0.037514273,-0.031352997
10/27/2023,0.007969303,0.068328161,-0.000899466,0.005855446,0.00748449
10/30/2023,0.01230531,0.038907225,0.018744343,0.022740576,-0.047949842
10/31/2023,0.002818823,0.002863308,-0.003053185,0.002371496,0.017632731
11/1/2023,0.018738664,0.029378644,0.019100564,0.023542746,0.02399924
11/2/2023,0.020693256,0.007810272,0.008224504,0.006501697,0.06248172
11/3/2023,-0.005181082,0.003838624,0.012628557,0.012861438,0.006635908
11/6/2023,0.014605042,0.008225103,0.008907751,0.010572613,-0.003136945
11/7/2023,0.014450878,0.021253765,0.005527698,0.011219222,0.013271256
11/8/2023,0.005884922,-0.004414581,0.006642633,0.007405874,-0.000315024
11/9/2023,-0.002624369,-0.010416636,-0.012135568,-0.006910701,-0.054612601
11/10/2023,0.023219808,0.02105257,0.018043474,0.024896586,0.022240205
11/13/2023,-0.008583568,-0.006756765,-0.003770978,-0.008088208,0.042208307
11/14/2023,0.014285783,0.022512145,0.011582878,0.00979049,0.061239983
11/15/2023,0.003040772,-0.017832689,0.007483935,0.000405935,0.022871794
11/16/2023,0.009042179,-0.002583765,0.017159505,0.017583328,-0.038090925
11/17/2023,-0.000105567,0.016453062,-0.011830971,-0.016800854,0.003039542
11/20/2023,0.009278424,0.006543685,0.006946913,0.020521635,0.005548455
11/21/2023,-0.004230921,-0.015260459,0.005284616,-0.011577902,0.023769061
11/22/2023,0.003514505,0.01952754,0.011097303,0.012812562,-0.028980059
11/24/2023,-0.007004312,0.000204477,-0.01299746,-0.001111594,0.005294352
11/27/2023,-0.000947584,0.00674656,-0.002048469,0.003126453,0.002675748
11/28/2023,0.003214003,-0.004738354,0.005791473,0.01080263,0.045069465
11/29/2023,-0.00540958,-0.004828888,-0.016107949,-0.01006015,-0.010457206
11/30/2023,0.003062782,-0.001571972,-0.018223345,0.000158474,-0.016629793
12/1/2023,0.006791406,0.006434407,-0.005055553,-0.01161229,-0.005206598
12/4/2023,-0.009464744,-0.014894936,-0.019642061,-0.014338713,-0.013608006
12/5/2023,0.021063264,0.014084566,0.013305495,0.009156482,0.013328803
12/6/2023,-0.005687074,-0.016067542,-0.007405166,-0.009986067,0.00272283
12/7/2023,0.010139331,0.016329923,0.053145717,0.005829706,0.013660878
12/8/2023,0.00741248,0.003676425,-0.014167975,0.008842084,0.004945586
12/11/2023,-0.0129275,-0.010378502,-0.01259342,-0.007829464,-0.016814267
12/12/2023,0.007920144,0.010898597,-0.00577687,0.008295238,-0.011387382
12/13/2023,0.016691642,0.009221594,0.000377309,-2.66E-05,0.009619842
12/14/2023,0.000757547,-0.009540434,-0.004752179,-0.022544586,0.049145431
12/15/2023,-0.002725791,0.017297538,0.00500225,0.013117363,0.009759
12/18/2023,-0.008503202,0.027338842,0.024132717,0.005178793,-0.005601571
12/19/2023,0.005360207,-0.001817447,0.006258982,0.001636926,0.02039035
12/20/2023,-0.010713906,-0.010858952,0.012367708,-0.007072856,-0.03918825
12/21/2023,-0.000770113,0.011306871,0.015035366,0.007878756,0.029780694
12/22/2023,-0.005547474,-0.002730097,0.00762003,0.002784206,-0.007701402
12/26/2023,-0.002840814,-6.51E-05,0.000211924,0.000213486,0.016116228
12/27/2023,0.000517983,-0.000456341,-0.008126103,-0.001574619,0.018822405
12/28/2023,0.00222627,0.000260914,-0.000997492,0.003234619,-0.031594284
12/29/2023,-0.00542417,-0.009388463,-0.00385067,0.002025159,-0.018563856
1/2/2024,-0.035786756,-0.01322897,-0.010881331,-0.013748483,-0.000241458
1/3/2024,-0.007487575,-0.009737821,0.005428198,-0.000728057,-0.04013365
1/4/2024,-0.012700094,-0.026267892,-0.018211708,-0.007177566,-0.002180769
1/5/2024,-0.004013025,0.00463442,-0.00483938,-0.000516432,-0.00184923
1/8/2024,0.024174911,0.026576704,0.022913001,0.018871532,0.012463646
1/9/2024,-0.002263409,0.015224607,0.015197416,0.002935728,-0.022832149
1/10/2024,0.005671443,0.015590941,0.009436148,0.018574259,-0.004341183
1/11/2024,-0.003222572,0.009432102,-0.001405705,0.00485945,-0.028725319
1/12/2024,0.00177807,-0.003608697,0.004011683,0.009983599,-0.036660513
1/16/2024,-0.012317094,-0.009442449,-0.00112154,0.004633518,0.004659894
1/17/2024,-0.005173441,-0.009467204,-0.007158424,-0.002049905,-0.019826295
1/18/2024,0.032570618,0.011798782,0.014208227,0.011297358,-0.017026203
1/19/2024,0.015533039,0.011986947,0.020211715,0.012186777,0.001463081
1/22/2024,0.012163381,-0.00360498,-0.002664243,-0.005417838,-0.015976245
1/23/2024,0.00665316,0.008011407,0.007192091,0.006027412,0.001628335
1/24/2024,-0.003483941,0.005447961,0.011289658,0.00917524,-0.006263735
1/25/2024,-0.001696617,0.005609772,0.021318177,0.005738257,-0.121252931
1/26/2024,-0.009012735,0.008684597,0.002106902,-0.00232171,0.003394815
1/29/2024,-0.003585913,0.013448966,0.008673329,0.014334184,0.041909919
1/30/2024,-0.019245778,-0.014014601,-0.013354028,-0.002757921,0.003456784
1/31/2024,-0.019357719,-0.02389939,-0.075003375,-0.026946319,-0.022443776
2/1/2024,0.013340652,0.026288672,0.007565946,0.015594256,0.008382761
2/2/2024,-0.005405132,0.078666492,0.008642728,0.018425848,-0.005030165
2/5/2024,0.009846834,-0.008730575,0.009130558,-0.01354507,-0.036453653
2/6/2024,0.00863157,-0.006811131,0.00292311,-0.000394498,0.022313093
2/7/2024,0.000580938,0.008158468,0.009993034,0.021110262,0.01339814
2/8/2024,-0.005754487,-0.004046223,0.00254241,0.000144926,0.010555473
2/9/2024,0.00409387,0.027143198,0.021177304,0.015551479,0.021154304
2/12/2024,-0.009001902,-0.01209516,-0.00986575,-0.012578676,-0.02810354
2/13/2024,-0.011274393,-0.021469172,-0.016200189,-0.02152868,-0.021846598
2/14/2024,-0.004809688,0.01387569,0.005511917,0.009665347,0.025486373
2/15/2024,-0.001574884,-0.006901349,-0.02172103,-0.007155326,0.062211806
2/16/2024,-0.00843044,-0.001707942,-0.01575969,-0.006148953,-0.002494388
2/20/2024,-0.004113728,-0.014335395,0.004269606,-0.00314323,-0.030957752
2/21/2024,0.0041861,0.009037554,0.01013352,-0.001514412,0.005212685
2/22/2024,0.0112437,0.035530017,0.010803104,0.023546589,0.013554445
2/23/2024,-0.010034076,0.002348514,-0.000902231,-0.003182227,-0.027556873
2/26/2024,-0.007451228,-0.001485855,-0.044387198,-0.006823501,0.038703926
2/27/2024,0.008114453,-0.006810522,0.009522266,-0.00014735,0.001654974
2/28/2024,-0.006625553,-0.002189637,-0.018001046,0.000588953,0.011565602
2/29/2024,-0.003692994,0.020789967,0.015251449,0.014519759,-0.000791865
3/1/2024,-0.006030344,0.008259826,-0.009533284,0.004496728,0.003764585
3/4/2024,-0.025381278,-0.003591064,-0.027636055,-0.001395749,-0.071555468
3/5/2024,-0.028441079,-0.019484214,-0.005099342,-0.029572222,-0.03933238
3/6/2024,-0.005878209,-0.003503335,-0.009572685,-0.001390656,-0.023237867
3/7/2024,-0.000709429,0.019076785,0.022678914,0.01753337,0.011951969
3/8/2024,0.0102368,-0.008313546,0.00766463,-0.007136909,-0.018527835
3/11/2024,0.011831384,-0.019332759,0.016690138,-0.004184885,0.013858834
3/12/2024,0.00277862,0.019946456,0.006029022,0.026599441,-0.001293868
3/13/2024,-0.012122577,0.006670837,0.00931403,-0.000433511,-0.045398208
3/14/2024,0.01092727,0.012403729,0.023678375,0.02437972,-0.041184776
3/15/2024,-0.002196525,-0.024223786,-0.013417333,-0.020695213,0.00658466
3/18/2024,0.006372429,0.000343983,0.046040616,0.002161325,0.062542002
3/19/2024,0.013585073,0.008138458,-0.004401386,0.009800545,-0.01426925
3/20/2024,0.0147091,0.012791359,0.011630182,0.00906484,0.025332688
3/21/2024,-0.040857357,0,-0.007664317,0.009735849,-0.016167575
3/22/2024,0.005310157,0.004041545,0.021477053,-0.00146721,-0.011514902
3/25/2024,-0.008300328,0.004696213,-0.004642818,-0.013714662,0.010536809
3/26/2024,-0.006672588,-0.007845994,0.003997901,-0.0028614,0.029195349
3/27/2024,0.021212583,0.008581036,0.001327531,-0.000521908,0.012157391
3/28/2024,-0.010559092,0.003058461,0.000397701,-0.001684624,-0.022465709
4/1/2024,-0.008455692,0.003270852,0.030212633,0.009150999,-0.00324246
4/2/2024,-0.006998902,-0.001547211,-0.005981105,-0.007372134,-0.049024063
4/3/2024,0.004797496,0.009519072,0.002329137,-0.002349167,0.01050231
4/4/2024,-0.004892398,-0.013212015,-0.028337043,-0.006112445,0.016213301
4/5/2024,0.004501822,0.028166707,0.013087029,0.018282753,-0.036292483
4/8/2024,-0.00666345,0.000648377,0.015409922,-0.00218552,0.048999406
4/9/2024,0.007242428,0.00259191,0.011301072,0.003980107,0.022546013
4/10/2024,-0.011139184,0.001508045,-0.002937279,-0.007084443,-0.028946236
4/11/2024,0.043270826,0.016671181,0.020942838,0.011033385,0.016534768
4/12/2024,0.008626699,-0.015445639,-0.010539154,-0.01409101,-0.020332205
4/15/2024,-0.021863538,-0.013485251,-0.018195603,-0.019578162,-0.055948595
4/16/2024,-0.019167314,-0.001633743,-0.002970381,0.00227256,-0.027062145
4/17/2024,-0.008147359,-0.011128128,0.006929982,-0.006609092,-0.010565869
4/18/2024,-0.005714364,-0.011363623,0.003473305,-0.018380924,-0.035509838
4/19/2024,-0.012212673,-0.02561096,-0.012306839,-0.012739074,-0.019208896
4/22/2024,0.005090839,0.014888569,0.01421254,0.004610244,-0.034002039
4/23/2024,0.00639183,0.013033897,0.012669608,0.016485414,0.018514534
4/24/2024,0.012702283,-0.016430863,0.005497386,0.003655642,0.120611094
4/25/2024,0.005147401,-0.016535468,-0.019669528,-0.024495186,0.049651437
4/26/2024,-0.003472969,0.034260362,0.102243622,0.018243948,-0.011105885
4/29/2024,0.024808055,0.007460259,-0.033730737,-0.010016757,0.153069171
4/30/2024,-0.018271029,-0.032935491,-0.020282977,-0.03211935,-0.055501181
5/1/2024,-0.006046969,0.022857143,0.006634751,0.014409322,-0.01795064
5/2/2024,0.022031929,0.031955314,0.016843586,0.007342911,0.000111056
5/3/2024,0.059816289,0.008066292,0.003721204,0.022169731,0.006555236
5/6/2024,-0.009106683,0.013371946,0.005142314,0.016918396,0.01970303
5/7/2024,0.003797173,0.000317952,0.018738736,-0.0101562,-0.037616352
5/8/2024,0.001864011,-0.004026248,-0.010919643,0.002931534,-0.01737808
5/9/2024,0.010014206,0.007978723,0.003424408,0.004335728,-0.015739469
5/10/2024,-0.006890362,-0.010659653,-0.007707929,0.005869165,-0.020352387
5/13/2024,0.017645564,-0.004853789,0.00290548,-0.002459289,0.020300339
5/14/2024,0.006173503,0.002679959,0.007094574,0.00686452,0.032928057
5/15/2024,0.012217924,-0.00577325,0.012739196,0.017483842,-0.020050676
5/16/2024,0.000632514,-0.012688857,0.009680691,-0.004939927,0.004885285
5/17/2024,0.000158029,0.005826891,0.010793458,-0.00185277,0.014985189
5/20/2024,0.006162058,-0.006280475,0.004884702,0.012208377,-0.014144087
5/21/2024,0.006857262,-0.002124874,0.005256711,0.008698761,0.066590508
5/22/2024,-0.00753835,-0.00010914,-0.008265459,0.003449657,-0.034780307
5/23/2024,-0.021058162,-0.011358061,-0.016044941,-0.008176255,-0.035367248
5/24/2024,0.01658807,-0.001657018,0.008297299,0.007400502,0.031656497
5/28/2024,5.29E-05,0.007745471,0.008057578,0.000372031,-0.013892019
5/29/2024,0.001578876,-0.000713641,-0.002834346,-0.002672394,-0.003168303
5/30/2024,0.005255135,-0.014833518,-0.021546297,-0.033786244,0.014756744
5/31/2024,0.005018662,-0.0160607,0.002265945,0.001109376,-0.003971092
6/3/2024,0.009258713,0.010768498,0.003883952,-0.0038784,-0.01005171
6/4/2024,0.001649264,0.005607267,0.003580364,0.006166592,-0.008622095
6/5/2024,0.007820925,0.010817456,0.009321769,0.01908347,0.001315991
6/6/2024,-0.007096629,0.020520748,0.007525015,0.001202675,0.016800014
6/7/2024,0.01239221,-0.003783767,-0.012844344,-0.001578349,-0.002585179
6/10/2024,-0.019147938,0.014975553,0.004303822,0.009484555,-0.020791089
6/11/2024,0.072649181,0.00090879,0.009199549,0.011241771,-0.018010183
6/12/2024,0.028578434,-0.001815929,0.006624229,0.019367685,0.038849112
6/13/2024,0.005491106,-0.016373255,-0.014792648,0.001178904,0.029217712
6/14/2024,-0.008168351,-0.000924757,0.009305723,0.00224198,-0.024442411
6/17/2024,0.019671507,0.002177904,0.002545565,0.013105199,0.052974598
6/18/2024,-0.010984544,-0.006791264,-0.012130463,-0.004527397,-0.013764414
6/20/2024,-0.021512812,0.017996874,0.006910661,-0.001433901,-0.017797216
6/21/2024,-0.010444461,0.016012873,0.018888226,0.009154074,0.007930755
6/24/2024,0.003132572,-0.018563542,-0.002282376,-0.004691036,-0.002349558
6/25/2024,0.004468389,0.004149318,0.026838436,0.007326739,0.026125557
6/26/2024,0.019993073,0.039014728,-0.000815,0.0026832,0.048145123
6/27/2024,0.003985926,0.021899724,0.008320536,0.001526125,0.005347065
6/28/2024,-0.016254162,-0.023249967,-0.017582636,-0.013028724,0.002330092
7/1/2024,0.029104735,0.020439829,0.004611698,0.021881651,0.060541719
7/2/2024,0.016239816,0.014198799,0.012295659,0.005583187,0.101972714
7/3/2024,0.0058111,-0.012050018,0.003131109,0.003244141,0.065424221
7/5/2024,0.021620316,0.012196992,0.025723753,0.014736164,0.02082067
7/8/2024,0.006538843,-0.003550034,-0.008237129,-0.002823052,0.005645667
7/9/2024,0.003774883,0.000250906,-0.000264535,-0.014370294,0.037123365
7/10/2024,0.018803499,0.002257434,0.011641407,0.01460155,0.003545242
7/11/2024,-0.023220768,-0.023724863,-0.0293441,-0.024772017,-0.084441275
7/12/2024,0.013050922,-0.002871046,-0.002694261,-0.00252931,0.029871788
7/15/2024,0.016743332,-0.009100747,0.007888812,0.000904003,0.017765797
7/16/2024,0.001791883,0.001556678,-0.013992426,-0.009780594,0.015516142
7/17/2024,-0.025296086,-0.026370384,-0.015767575,-0.013347488,-0.031415644
7/18/2024,-0.020534695,-0.022242286,-0.018395809,-0.007102326,0.002937609
7/19/2024,0.000579871,-0.003374123,-0.000168902,-0.007402892,-0.040243947
7/22/2024,-0.001560234,-0.003167159,0.022571267,0.013337678,0.051463201
7/23/2024,0.004688221,0.021144895,0.000660386,0.004312099,-0.020396762
7/24/2024,-0.028754364,-0.029934026,-0.050387631,-0.035854827,-0.123346046
7/25/2024,-0.004804494,-0.005419431,-0.030991081,-0.024481151,0.019723109
7/26/2024,0.002161052,0.014734467,-0.001673973,0.016419541,-0.002043119
7/29/2024,0.001284622,0.0038356,0.015149732,0.003433181,0.055959977
7/30/2024,0.002565877,-0.008133135,0.004482822,-0.008928318,-0.04084451
7/31/2024,0.014990976,0.029002195,0.007340535,-0.010805894,0.042449072
8/1/2024,-0.016750727,-0.0155631,-0.004547023,-0.002964079,-0.065540597
8/2/2024,0.00686928,-0.087847084,-0.024010228,-0.020666007,-0.042377582
8/5/2024,-0.04816682,-0.040976712,-0.044461888,-0.032656802,-0.042326736
8/6/2024,-0.009748363,0.0056514,-0.006028311,0.011286879,0.00884953
8/7/2024,0.012498298,0.005187499,0.004106514,-0.002952846,-0.044258398
8/8/2024,0.016633283,0.018615216,0.019441225,0.010691927,0.036921162
8/9/2024,0.013735892,0.00687575,0.010121644,0.008269405,0.005833855
8/12/2024,0.007129974,-0.000838621,-0.008431669,0.001945764,-0.012549973
8/13/2024,0.017192954,0.020563505,0.011522467,0.017698736,0.052357061
8/14/2024,0.002033802,-0.000763612,-0.02308713,0.006883818,-0.031034966
8/15/2024,0.013530445,0.044032863,0.005799066,0.011823754,0.063362768
8/16/2024,0.00591861,-0.002984395,0.010291591,-0.006080312,0.009246268
8/19/2024,-0.000707854,0.006551472,0.022766202,0.007312295,0.030538619
8/20/2024,0.00274462,0.003703309,0.0030599,0.007757566,-0.007273685
8/21/2024,-0.000485568,0.006876094,-0.007955442,-0.001553612,0.009814555
8/22/2024,-0.008259681,-0.022097583,-0.012360526,-0.020252837,-0.056478705
8/23/2024,0.010288144,0.005166572,0.011110964,0.002983957,0.045855898
8/26/2024,0.00149873,-0.008698562,0.003260418,-0.007917718,-0.032271244
8/27/2024,0.00374159,-0.013561281,-0.008907022,0.000846513,-0.018760846
8/28/2024,-0.006753444,-0.013401064,-0.011112247,-0.007829126,-0.016538438
8/29/2024,0.014570083,0.007728291,-0.006570602,0.006137312,0.002575936
8/30/2024,-0.003437817,0.037067192,0.00989003,0.009730878,0.037958124
9/3/2024,-0.027205188,-0.012605042,-0.036846635,-0.018459076,-0.016393417
9/4/2024,-0.008618826,-0.016567365,-0.00578294,-0.001318789,0.041832846
9/5/2024,0.006927799,0.026308184,0.005049539,-0.001247289,0.049040583
9/6/2024,-0.007014953,-0.036539435,-0.04019316,-0.016381298,-0.084459324
9/9/2024,0.00040745,0.023396899,-0.013336182,0.010007364,0.026289606
9/10/2024,-0.003621409,0.023660258,-0.000336226,0.020901197,0.045776084
9/11/2024,0.011585174,0.027680318,0.01681707,0.021342345,0.008666077
9/12/2024,0.000494102,0.013440254,0.023352546,0.009360744,0.00736419
9/13/2024,-0.001212064,-0.002727243,0.017906934,0.008407421,0.002088663
9/16/2024,-0.027775256,-0.008579581,0.003810214,0.001741878,-0.015241628
9/17/2024,0.002172643,0.010763186,0.007971826,0.008832966,0.004806404
9/18/2024,0.017989802,-0.002408028,0.003075641,-0.009973581,-0.002940265
9/19/2024,0.037065569,0.01845198,0.014579699,0.018291167,0.073591556
9/20/2024,-0.002927455,0.009111555,0.008942926,-0.007796018,-0.023245319
9/23/2024,-0.007581044,0.011899784,-0.010636259,-0.004043404,0.049317943
9/24/2024,0.003974072,0.000412636,0.00271835,-0.010011241,0.017080017
9/25/2024,-0.004398164,-0.007372695,-0.004929373,0.006850354,0.010815215
9/26/2024,0.005080209,-0.007115749,0.007678488,-0.001851358,-0.010894047
9/27/2024,0.001186692,-0.016687604,0.007497187,-0.007628047,0.024545631
9/30/2024,0.022872058,-0.008724793,0.011588946,0.005326837,0.004492104
10/1/2024,-0.029141731,-0.00644017,0.006873579,-0.02233314,-0.013798172
10/2/2024,0.0025198,-0.001998652,-0.006766826,-0.008462263,-0.034880959
10/3/2024,-0.004894732,-0.01515473,0,-0.001414457,-0.033571603
10/4/2024,0.005007354,0.025005428,0.007234862,-0.001152366,0.03914235
10/7/2024,-0.022530902,-0.030614936,-0.024422208,-0.015670802,-0.036988164
10/8/2024,0.018404225,0.010619459,0.008589857,0.012623855,0.015238958
10/9/2024,0.01669825,0.013408477,-0.015330284,0.006631204,-0.014110417
10/10/2024,-0.002178193,0.007992632,0.001359281,-0.003880655,-0.009458613
10/11/2024,-0.006505321,0.01162611,0.007156932,0.00115438,-0.087825107
10/14/2024,0.016479815,-0.006779017,0.010536751,0.006773533,0.006244264
10/15/2024,0.011024697,0.000799878,0.00303105,-0.000954287,0.001870796
10/16/2024,-0.008851946,-0.004262364,-0.001813227,-0.006256825,0.008015642
10/17/2024,0.001596403,0.003424471,-0.013502039,0.001441856,-0.001987993
10/18/2024,0.012276566,0.007785457,0.003007401,0.003455605,-0.000860168
10/21/2024,0.006297722,0.000423312,0.003977591,0.001482666,-0.008382378
10/22/2024,-0.002621647,0.003332044,0.006521427,0.020846326,-0.004021041
10/23/2024,-0.021622972,-0.026304641,-0.014290908,-0.006806901,-0.019819275
10/24/2024,-0.000823394,0.009041189,-0.000368541,0.000306128,0.219190351
10/25/2024,0.003643147,0.007779788,0.015671061,0.008052112,0.033438234
10/28/2024,0.008599354,0.002981406,0.008773558,-0.003643507,-0.024815159
10/29/2024,0.001156862,0.012951868,0.017754244,0.012564772,-0.011390121
10/30/2024,-0.015277913,0.009956474,0.028170809,0.001342626,-0.007590942
10/31/2024,-0.01820942,-0.032843885,-0.019202186,-0.060527405,-0.029897038
11/1/2024,-0.013279697,0.061856219,0.001051887,0.00989277,-0.003482131
11/4/2024,-0.00403754,-0.010862396,-0.011967968,-0.004654392,-0.024660613
11/5/2024,0.006486266,0.019000926,0.002954487,0.007344705,0.03541429
11/6/2024,-0.003267014,0.038045094,0.0398844,0.021192879,0.147510324
11/7/2024,0.021372158,0.014293335,0.02402128,0.012494646,0.029043791
11/8/2024,-0.001188251,-0.008902691,-0.013277894,-0.006793082,0.081876654
11/11/2024,-0.012028535,-0.00643672,0.011213865,-0.010720819,0.089595911
11/12/2024,0,0.010007771,0.007041875,0.012009171,-0.061457171
11/13/2024,0.003969129,0.024843245,-0.015086472,0.005129701,0.005327407
11/14/2024,0.013770514,-0.01223732,-0.018448026,0.003974626,-0.057715595
11/15/2024,-0.014109232,-0.041942478,-0.017598851,-0.027852688,0.030657525
11/18/2024,0.013422261,-0.004491405,0.016290812,0.001831419,0.056186047
11/19/2024,0.001140198,0.014427386,0.016086581,0.004882553,0.021432396
11/20/2024,0.003154051,-0.008455089,-0.012014302,-0.00550523,-0.011473992
11/21/2024,-0.002096045,-0.022180599,-0.047448506,-0.00431667,-0.006987645
11/22/2024,0.005907517,-0.006351496,-0.017121091,0.010003081,0.038040226
11/25/2024,0.013050867,0.021966325,0.017540606,0.004292595,-0.039624465
11/26/2024,0.009404384,0.031819329,0.008768193,0.021968084,-0.00106319
11/27/2024,-0.00055309,-0.010199149,0.000650465,-0.011682598,-0.015788062
11/29/2024,0.010215819,0.010450053,-0.001654487,0.001111184,0.036858988
12/2/2024,0.009522627,0.013564901,0.015033968,0.017758475,0.034563659
12/3/2024,0.012771843,0.012956175,-0.000874601,0.000510474,-0.015878302
12/4/2024,0.001483569,0.022113948,0.017684047,0.014424882,0.018524782
12/5/2024,0.00012349,0.010955259,-0.009921402,0.011887912,0.032296812
12/6/2024,-0.000822847,0.029381073,0.011990389,0.002146291,0.053397958
12/9/2024,0.016101036,-0.004140433,0.004928032,0.005523351,0.001464486
12/10/2024,0.004133767,-0.004644182,0.055881828,-0.006031176,0.028733373
12/11/2024,-0.005166123,0.023195882,0.055246528,0.01276705,0.059303223
12/12/2024,0.005963761,-0.005602334,-0.017604962,0.001269532,-0.015702576
12/13/2024,0.00068562,-0.006594726,-0.011148025,-0.005093897,0.043362843
12/16/2024,0.011727623,0.024048122,0.036034024,0.009658585,0.061412506
12/17/2024,0.009719625,-0.007641776,-0.006305324,0.006355397,0.036369912
12/18/2024,-0.021421744,-0.04598741,-0.035922586,-0.037561107,-0.082794944
12/19/2024,0.007014647,0.012561169,0.0005838,-0.000823034,-0.008997322
12/20/2024,0.018815823,0.007299946,0.015383899,-0.000983829,-0.034642491
12/23/2024,0.003064992,0.000622441,0.016822543,-0.003092155,0.022657124
12/24/2024,0.011477969,0.01772863,0.00760402,0.009373908,0.073571742
12/26/2024,0.003175741,-0.008731718,-0.002600382,-0.002776967,-0.017629995
12/27/2024,-0.013242152,-0.014534257,-0.014519526,-0.017301583,-0.049479226
12/30/2024,-0.013263431,-0.010949707,-0.00788535,-0.013239521,-0.033012093
12/31/2024,-0.007057812,-0.008630834,-0.01014442,-0.007838377,-0.032510019
